"pathway_name","ligand","receptor"
"TGFb","Tgfb1","TGFbR1_R2"
"TGFb","Tgfb2","TGFbR1_R2"
"TGFb","Tgfb3","TGFbR1_R2"
"TGFb","Tgfb1","ACVR1B_TGFbR2"
"TGFb","Tgfb1","ACVR1C_TGFbR2"
"TGFb","Tgfb2","ACVR1B_TGFbR2"
"TGFb","Tgfb2","ACVR1C_TGFbR2"
"TGFb","Tgfb3","ACVR1B_TGFbR2"
"TGFb","Tgfb3","ACVR1C_TGFbR2"
"TGFb","Tgfb1","ACVR1_TGFbR"
"TGFb","Tgfb2","ACVR1_TGFbR"
"TGFb","Tgfb3","ACVR1_TGFbR"
"BMP","Bmp2","BMPR1A_ACVR2A"
"BMP","Bmp2","BMPR1A_ACVR2B"
"BMP","Bmp2","BMPR1A_BMPR2"
"BMP","Bmp2","BMPR1B_ACVR2A"
"BMP","Bmp2","BMPR1B_ACVR2B"
"BMP","Bmp2","BMPR1B_BMPR2"
"BMP","Bmp4","BMPR1A_ACVR2A"
"BMP","Bmp4","BMPR1A_ACVR2B"
"BMP","Bmp4","BMPR1A_BMPR2"
"BMP","Bmp4","BMPR1B_ACVR2A"
"BMP","Bmp4","BMPR1B_ACVR2B"
"BMP","Bmp4","BMPR1B_BMPR2"
"BMP","Gdf5","BMPR1A_ACVR2A"
"BMP","Gdf5","BMPR1A_ACVR2B"
"BMP","Gdf5","BMPR1A_BMPR2"
"BMP","Gdf5","BMPR1B_ACVR2A"
"BMP","Gdf5","BMPR1B_ACVR2B"
"BMP","Gdf5","BMPR1B_BMPR2"
"BMP","Gdf6","BMPR1A_ACVR2A"
"BMP","Gdf6","BMPR1A_ACVR2B"
"BMP","Gdf6","BMPR1A_BMPR2"
"BMP","Gdf6","BMPR1B_ACVR2A"
"BMP","Gdf6","BMPR1B_ACVR2B"
"BMP","Gdf6","BMPR1B_BMPR2"
"BMP","Gdf7","BMPR1A_ACVR2A"
"BMP","Gdf7","BMPR1A_ACVR2B"
"BMP","Gdf7","BMPR1A_BMPR2"
"BMP","Gdf7","BMPR1B_ACVR2A"
"BMP","Gdf7","BMPR1B_ACVR2B"
"BMP","Gdf7","BMPR1B_BMPR2"
"BMP","Bmp15","BMPR1B_BMPR2"
"BMP","Bmp5","ACVR1_ACVR2A"
"BMP","Bmp5","ACVR1_ACVR2B"
"BMP","Bmp5","ACVR1_BMPR2"
"BMP","Bmp5","BMPR1A_ACVR2A"
"BMP","Bmp5","BMPR1A_ACVR2B"
"BMP","Bmp5","BMPR1A_BMPR2"
"BMP","Bmp5","BMPR1B_ACVR2A"
"BMP","Bmp5","BMPR1B_ACVR2B"
"BMP","Bmp5","BMPR1B_BMPR2"
"BMP","Bmp6","ACVR1_ACVR2A"
"BMP","Bmp6","ACVR1_ACVR2B"
"BMP","Bmp6","ACVR1_BMPR2"
"BMP","Bmp6","BMPR1A_ACVR2A"
"BMP","Bmp6","BMPR1A_ACVR2B"
"BMP","Bmp6","BMPR1A_BMPR2"
"BMP","Bmp6","BMPR1B_ACVR2A"
"BMP","Bmp6","BMPR1B_ACVR2B"
"BMP","Bmp6","BMPR1B_BMPR2"
"BMP","Bmp7","ACVR1_ACVR2A"
"BMP","Bmp7","ACVR1_ACVR2B"
"BMP","Bmp7","ACVR1_BMPR2"
"BMP","Bmp7","BMPR1A_ACVR2A"
"BMP","Bmp7","BMPR1A_ACVR2B"
"BMP","Bmp7","BMPR1A_BMPR2"
"BMP","Bmp7","BMPR1B_ACVR2A"
"BMP","Bmp7","BMPR1B_ACVR2B"
"BMP","Bmp7","BMPR1B_BMPR2"
"BMP","Bmp8a","ACVR1_ACVR2A"
"BMP","Bmp8a","ACVR1_ACVR2B"
"BMP","Bmp8a","ACVR1_BMPR2"
"BMP","Bmp8a","BMPR1A_ACVR2A"
"BMP","Bmp8a","BMPR1A_ACVR2B"
"BMP","Bmp8a","BMPR1A_BMPR2"
"BMP","Bmp8a","BMPR1B_ACVR2A"
"BMP","Bmp8a","BMPR1B_ACVR2B"
"BMP","Bmp8a","BMPR1B_BMPR2"
"BMP","Bmp8b","ACVR1_ACVR2A"
"BMP","Bmp8b","ACVR1_ACVR2B"
"BMP","Bmp8b","ACVR1_BMPR2"
"BMP","Bmp8b","BMPR1A_ACVR2A"
"BMP","Bmp8b","BMPR1A_ACVR2B"
"BMP","Bmp8b","BMPR1A_BMPR2"
"BMP","Bmp8b","BMPR1B_ACVR2A"
"BMP","Bmp8b","BMPR1B_ACVR2B"
"BMP","Bmp8b","BMPR1B_BMPR2"
"BMP10","Bmp10","ACVRL1_BMPR2"
"BMP10","Bmp10","ACVRL1_ACVR2A"
"BMP10","Gdf2","ACVRL1_BMPR2"
"BMP10","Gdf2","ACVRL1_ACVR2A"
"GDF","Gdf9","ACVR1B_BMPR2"
"GDF","Gdf10","ACVR1B_ACVR2A"
"GDF","Gdf11","TGFBR1_ACVR2A"
"GDF","Gdf11","TGFBR1_ACVR2B"
"GDF","Gdf11","ACVR1B_ACVR2B"
"GDF","Gdf15","Tgfbr2"
"MSTN","Mstn","TGFBR1_ACVR2B"
"MSTN","Mstn","ACVR1B_ACVR2B"
"MSTN","Mstn","ACVR1B_ACVR2A"
"MSTN","Mstn","TGFBR1_ACVR2A"
"AMH","Amh","AMHR2_ACVR1"
"AMH","Amh","AMHR2_BMPR1A"
"GDNF","Gdnf","GFRA1_RET"
"GDNF","Nrtn","GFRA2_RET"
"GDNF","Artn","GFRA3_RET"
"GDNF","Pspn","GFRA4_RET"
"GDNF","Artn","GFRA1_RET"
"NODAL","Nodal","ACVR1B_ACVR2A_CFC1"
"NODAL","Nodal","ACVR1C_ACVR2A_CFC1"
"NODAL","Nodal","ACVR1B_ACVR2B_CFC1"
"NODAL","Nodal","ACVR1C_ACVR2B_CFC1"
"NODAL","Gdf1","ACVR1B_ACVR2A_CFC1"
"NODAL","Gdf1","ACVR1B_ACVR2B_CFC1"
"NODAL","Gdf1","ACVR1C_ACVR2A_CFC1"
"NODAL","Gdf1","ACVR1C_ACVR2B_CFC1"
"NODAL","Gdf3","ACVR1B_ACVR2A_CFC1"
"NODAL","Gdf3","ACVR1B_ACVR2B_CFC1"
"NODAL","Gdf3","ACVR1C_ACVR2A_CFC1"
"NODAL","Gdf3","ACVR1C_ACVR2B_CFC1"
"ACTIVIN","Inhba","ACVR1B_ACVR2A"
"ACTIVIN","Inhba","ACVR1B_ACVR2B"
"ACTIVIN","Inhbb","ACVR1B_ACVR2A"
"ACTIVIN","Inhbb","ACVR1B_ACVR2B"
"ACTIVIN","Inhbb","ACVR1C_ACVR2A"
"ACTIVIN","Inhbb","ACVR1C_ACVR2B"
"ACTIVIN","Inhbc","ACVR1B_ACVR2A"
"ACTIVIN","Inhbc","ACVR1B_ACVR2B"
"ACTIVIN","Inhbc","ACVR1C_ACVR2A"
"ACTIVIN","Inhbc","ACVR1C_ACVR2B"
"ACTIVIN","Inhbe","ACVR1B_ACVR2A"
"ACTIVIN","Inhbe","ACVR1B_ACVR2B"
"ACTIVIN","Inhbe","ACVR1C_ACVR2A"
"ACTIVIN","Inhbe","ACVR1C_ACVR2B"
"ACTIVIN","Activin AB","ACVR1B_ACVR2A"
"ACTIVIN","Activin AB","ACVR1B_ACVR2B"
"ACTIVIN","Activin AB","ACVR1C_ACVR2A"
"ACTIVIN","Activin AB","ACVR1C_ACVR2B"
"ACTIVIN","Inhibin A","Acvr2a"
"ACTIVIN","Inhibin B","Acvr2b"
"WNT","Wnt1","FZD1_LRP5"
"WNT","Wnt1","FZD10_LRP5"
"WNT","Wnt1","FZD2_LRP5"
"WNT","Wnt1","FZD3_LRP5"
"WNT","Wnt1","FZD4_LRP5"
"WNT","Wnt1","FZD5_LRP5"
"WNT","Wnt1","FZD6_LRP5"
"WNT","Wnt1","FZD7_LRP5"
"WNT","Wnt1","FZD8_LRP5"
"WNT","Wnt1","FZD9_LRP5"
"WNT","Wnt10a","FZD1_LRP5"
"WNT","Wnt10a","FZD10_LRP5"
"WNT","Wnt10a","FZD2_LRP5"
"WNT","Wnt10a","FZD3_LRP5"
"WNT","Wnt10a","FZD4_LRP5"
"WNT","Wnt10a","FZD5_LRP5"
"WNT","Wnt10a","FZD6_LRP5"
"WNT","Wnt10a","FZD7_LRP5"
"WNT","Wnt10a","FZD8_LRP5"
"WNT","Wnt10a","FZD9_LRP5"
"WNT","Wnt10b","FZD1_LRP5"
"WNT","Wnt10b","FZD10_LRP5"
"WNT","Wnt10b","FZD2_LRP5"
"WNT","Wnt10b","FZD3_LRP5"
"WNT","Wnt10b","FZD4_LRP5"
"WNT","Wnt10b","FZD5_LRP5"
"WNT","Wnt10b","FZD6_LRP5"
"WNT","Wnt10b","FZD7_LRP5"
"WNT","Wnt10b","FZD8_LRP5"
"WNT","Wnt10b","FZD9_LRP5"
"WNT","Wnt16","FZD1_LRP5"
"WNT","Wnt16","FZD10_LRP5"
"WNT","Wnt16","FZD2_LRP5"
"WNT","Wnt16","FZD3_LRP5"
"WNT","Wnt16","FZD4_LRP5"
"WNT","Wnt16","FZD5_LRP5"
"WNT","Wnt16","FZD6_LRP5"
"WNT","Wnt16","FZD7_LRP5"
"WNT","Wnt16","FZD8_LRP5"
"WNT","Wnt16","FZD9_LRP5"
"WNT","Wnt2","FZD1_LRP5"
"WNT","Wnt2","FZD10_LRP5"
"WNT","Wnt2","FZD2_LRP5"
"WNT","Wnt2","FZD3_LRP5"
"WNT","Wnt2","FZD4_LRP5"
"WNT","Wnt2","FZD5_LRP5"
"WNT","Wnt2","FZD6_LRP5"
"WNT","Wnt2","FZD7_LRP5"
"WNT","Wnt2","FZD8_LRP5"
"WNT","Wnt2","FZD9_LRP5"
"WNT","Wnt2b","FZD1_LRP5"
"WNT","Wnt2b","FZD10_LRP5"
"WNT","Wnt2b","FZD2_LRP5"
"WNT","Wnt2b","FZD3_LRP5"
"WNT","Wnt2b","FZD4_LRP5"
"WNT","Wnt2b","FZD5_LRP5"
"WNT","Wnt2b","FZD6_LRP5"
"WNT","Wnt2b","FZD7_LRP5"
"WNT","Wnt2b","FZD8_LRP5"
"WNT","Wnt2b","FZD9_LRP5"
"WNT","Wnt3","FZD1_LRP5"
"WNT","Wnt3","FZD10_LRP5"
"WNT","Wnt3","FZD2_LRP5"
"WNT","Wnt3","FZD3_LRP5"
"WNT","Wnt3","FZD4_LRP5"
"WNT","Wnt3","FZD5_LRP5"
"WNT","Wnt3","FZD6_LRP5"
"WNT","Wnt3","FZD7_LRP5"
"WNT","Wnt3","FZD8_LRP5"
"WNT","Wnt3","FZD9_LRP5"
"WNT","Wnt3a","FZD1_LRP5"
"WNT","Wnt3a","FZD10_LRP5"
"WNT","Wnt3a","FZD2_LRP5"
"WNT","Wnt3a","FZD3_LRP5"
"WNT","Wnt3a","FZD4_LRP5"
"WNT","Wnt3a","FZD5_LRP5"
"WNT","Wnt3a","FZD6_LRP5"
"WNT","Wnt3a","FZD7_LRP5"
"WNT","Wnt3a","FZD8_LRP5"
"WNT","Wnt3a","FZD9_LRP5"
"WNT","Wnt4","FZD1_LRP5"
"WNT","Wnt4","FZD10_LRP5"
"WNT","Wnt4","FZD2_LRP5"
"WNT","Wnt4","FZD3_LRP5"
"WNT","Wnt4","FZD4_LRP5"
"WNT","Wnt4","FZD5_LRP5"
"WNT","Wnt4","FZD6_LRP5"
"WNT","Wnt4","FZD7_LRP5"
"WNT","Wnt4","FZD8_LRP5"
"WNT","Wnt4","FZD9_LRP5"
"WNT","Wnt6","FZD1_LRP5"
"WNT","Wnt6","FZD10_LRP5"
"WNT","Wnt6","FZD2_LRP5"
"WNT","Wnt6","FZD3_LRP5"
"WNT","Wnt6","FZD4_LRP5"
"WNT","Wnt6","FZD5_LRP5"
"WNT","Wnt6","FZD6_LRP5"
"WNT","Wnt6","FZD7_LRP5"
"WNT","Wnt6","FZD8_LRP5"
"WNT","Wnt6","FZD9_LRP5"
"WNT","Wnt7a","FZD1_LRP5"
"WNT","Wnt7a","FZD10_LRP5"
"WNT","Wnt7a","FZD2_LRP5"
"WNT","Wnt7a","FZD3_LRP5"
"WNT","Wnt7a","FZD4_LRP5"
"WNT","Wnt7a","FZD5_LRP5"
"WNT","Wnt7a","FZD6_LRP5"
"WNT","Wnt7a","FZD7_LRP5"
"WNT","Wnt7a","FZD8_LRP5"
"WNT","Wnt7a","FZD9_LRP5"
"WNT","Wnt7b","FZD1_LRP5"
"WNT","Wnt7b","FZD10_LRP5"
"WNT","Wnt7b","FZD2_LRP5"
"WNT","Wnt7b","FZD3_LRP5"
"WNT","Wnt7b","FZD4_LRP5"
"WNT","Wnt7b","FZD5_LRP5"
"WNT","Wnt7b","FZD6_LRP5"
"WNT","Wnt7b","FZD7_LRP5"
"WNT","Wnt7b","FZD8_LRP5"
"WNT","Wnt7b","FZD9_LRP5"
"WNT","Wnt8a","FZD1_LRP5"
"WNT","Wnt8a","FZD10_LRP5"
"WNT","Wnt8a","FZD2_LRP5"
"WNT","Wnt8a","FZD3_LRP5"
"WNT","Wnt8a","FZD4_LRP5"
"WNT","Wnt8a","FZD5_LRP5"
"WNT","Wnt8a","FZD6_LRP5"
"WNT","Wnt8a","FZD7_LRP5"
"WNT","Wnt8a","FZD8_LRP5"
"WNT","Wnt8a","FZD9_LRP5"
"WNT","Wnt8b","FZD1_LRP5"
"WNT","Wnt8b","FZD10_LRP5"
"WNT","Wnt8b","FZD2_LRP5"
"WNT","Wnt8b","FZD3_LRP5"
"WNT","Wnt8b","FZD4_LRP5"
"WNT","Wnt8b","FZD5_LRP5"
"WNT","Wnt8b","FZD6_LRP5"
"WNT","Wnt8b","FZD7_LRP5"
"WNT","Wnt8b","FZD8_LRP5"
"WNT","Wnt8b","FZD9_LRP5"
"WNT","Wnt9a","FZD1_LRP5"
"WNT","Wnt9a","FZD10_LRP5"
"WNT","Wnt9a","FZD2_LRP5"
"WNT","Wnt9a","FZD3_LRP5"
"WNT","Wnt9a","FZD4_LRP5"
"WNT","Wnt9a","FZD5_LRP5"
"WNT","Wnt9a","FZD6_LRP5"
"WNT","Wnt9a","FZD7_LRP5"
"WNT","Wnt9a","FZD8_LRP5"
"WNT","Wnt9a","FZD9_LRP5"
"WNT","Wnt9b","FZD1_LRP5"
"WNT","Wnt9b","FZD10_LRP5"
"WNT","Wnt9b","FZD2_LRP5"
"WNT","Wnt9b","FZD3_LRP5"
"WNT","Wnt9b","FZD4_LRP5"
"WNT","Wnt9b","FZD5_LRP5"
"WNT","Wnt9b","FZD6_LRP5"
"WNT","Wnt9b","FZD7_LRP5"
"WNT","Wnt9b","FZD8_LRP5"
"WNT","Wnt9b","FZD9_LRP5"
"WNT","Wnt1","FZD1_LRP6"
"WNT","Wnt1","FZD10_LRP6"
"WNT","Wnt1","FZD2_LRP6"
"WNT","Wnt1","FZD3_LRP6"
"WNT","Wnt1","FZD4_LRP6"
"WNT","Wnt1","FZD5_LRP6"
"WNT","Wnt1","FZD6_LRP6"
"WNT","Wnt1","FZD7_LRP6"
"WNT","Wnt1","FZD8_LRP6"
"WNT","Wnt1","FZD9_LRP6"
"WNT","Wnt10a","FZD1_LRP6"
"WNT","Wnt10a","FZD10_LRP6"
"WNT","Wnt10a","FZD2_LRP6"
"WNT","Wnt10a","FZD3_LRP6"
"WNT","Wnt10a","FZD4_LRP6"
"WNT","Wnt10a","FZD5_LRP6"
"WNT","Wnt10a","FZD6_LRP6"
"WNT","Wnt10a","FZD7_LRP6"
"WNT","Wnt10a","FZD8_LRP6"
"WNT","Wnt10a","FZD9_LRP6"
"WNT","Wnt10b","FZD1_LRP6"
"WNT","Wnt10b","FZD10_LRP6"
"WNT","Wnt10b","FZD2_LRP6"
"WNT","Wnt10b","FZD3_LRP6"
"WNT","Wnt10b","FZD4_LRP6"
"WNT","Wnt10b","FZD5_LRP6"
"WNT","Wnt10b","FZD6_LRP6"
"WNT","Wnt10b","FZD7_LRP6"
"WNT","Wnt10b","FZD8_LRP6"
"WNT","Wnt10b","FZD9_LRP6"
"WNT","Wnt16","FZD1_LRP6"
"WNT","Wnt16","FZD10_LRP6"
"WNT","Wnt16","FZD2_LRP6"
"WNT","Wnt16","FZD3_LRP6"
"WNT","Wnt16","FZD4_LRP6"
"WNT","Wnt16","FZD5_LRP6"
"WNT","Wnt16","FZD6_LRP6"
"WNT","Wnt16","FZD7_LRP6"
"WNT","Wnt16","FZD8_LRP6"
"WNT","Wnt16","FZD9_LRP6"
"WNT","Wnt2","FZD1_LRP6"
"WNT","Wnt2","FZD10_LRP6"
"WNT","Wnt2","FZD2_LRP6"
"WNT","Wnt2","FZD3_LRP6"
"WNT","Wnt2","FZD4_LRP6"
"WNT","Wnt2","FZD5_LRP6"
"WNT","Wnt2","FZD6_LRP6"
"WNT","Wnt2","FZD7_LRP6"
"WNT","Wnt2","FZD8_LRP6"
"WNT","Wnt2","FZD9_LRP6"
"WNT","Wnt2b","FZD1_LRP6"
"WNT","Wnt2b","FZD10_LRP6"
"WNT","Wnt2b","FZD2_LRP6"
"WNT","Wnt2b","FZD3_LRP6"
"WNT","Wnt2b","FZD4_LRP6"
"WNT","Wnt2b","FZD5_LRP6"
"WNT","Wnt2b","FZD6_LRP6"
"WNT","Wnt2b","FZD7_LRP6"
"WNT","Wnt2b","FZD8_LRP6"
"WNT","Wnt2b","FZD9_LRP6"
"WNT","Wnt3","FZD1_LRP6"
"WNT","Wnt3","FZD10_LRP6"
"WNT","Wnt3","FZD2_LRP6"
"WNT","Wnt3","FZD3_LRP6"
"WNT","Wnt3","FZD4_LRP6"
"WNT","Wnt3","FZD5_LRP6"
"WNT","Wnt3","FZD6_LRP6"
"WNT","Wnt3","FZD7_LRP6"
"WNT","Wnt3","FZD8_LRP6"
"WNT","Wnt3","FZD9_LRP6"
"WNT","Wnt3a","FZD1_LRP6"
"WNT","Wnt3a","FZD10_LRP6"
"WNT","Wnt3a","FZD2_LRP6"
"WNT","Wnt3a","FZD3_LRP6"
"WNT","Wnt3a","FZD4_LRP6"
"WNT","Wnt3a","FZD5_LRP6"
"WNT","Wnt3a","FZD6_LRP6"
"WNT","Wnt3a","FZD7_LRP6"
"WNT","Wnt3a","FZD8_LRP6"
"WNT","Wnt3a","FZD9_LRP6"
"WNT","Wnt4","FZD1_LRP6"
"WNT","Wnt4","FZD10_LRP6"
"WNT","Wnt4","FZD2_LRP6"
"WNT","Wnt4","FZD3_LRP6"
"WNT","Wnt4","FZD4_LRP6"
"WNT","Wnt4","FZD5_LRP6"
"WNT","Wnt4","FZD6_LRP6"
"WNT","Wnt4","FZD7_LRP6"
"WNT","Wnt4","FZD8_LRP6"
"WNT","Wnt4","FZD9_LRP6"
"WNT","Wnt6","FZD1_LRP6"
"WNT","Wnt6","FZD10_LRP6"
"WNT","Wnt6","FZD2_LRP6"
"WNT","Wnt6","FZD3_LRP6"
"WNT","Wnt6","FZD4_LRP6"
"WNT","Wnt6","FZD5_LRP6"
"WNT","Wnt6","FZD6_LRP6"
"WNT","Wnt6","FZD7_LRP6"
"WNT","Wnt6","FZD8_LRP6"
"WNT","Wnt6","FZD9_LRP6"
"WNT","Wnt7a","FZD1_LRP6"
"WNT","Wnt7a","FZD10_LRP6"
"WNT","Wnt7a","FZD2_LRP6"
"WNT","Wnt7a","FZD3_LRP6"
"WNT","Wnt7a","FZD4_LRP6"
"WNT","Wnt7a","FZD5_LRP6"
"WNT","Wnt7a","FZD6_LRP6"
"WNT","Wnt7a","FZD7_LRP6"
"WNT","Wnt7a","FZD8_LRP6"
"WNT","Wnt7a","FZD9_LRP6"
"WNT","Wnt7b","FZD1_LRP6"
"WNT","Wnt7b","FZD10_LRP6"
"WNT","Wnt7b","FZD2_LRP6"
"WNT","Wnt7b","FZD3_LRP6"
"WNT","Wnt7b","FZD4_LRP6"
"WNT","Wnt7b","FZD5_LRP6"
"WNT","Wnt7b","FZD6_LRP6"
"WNT","Wnt7b","FZD7_LRP6"
"WNT","Wnt7b","FZD8_LRP6"
"WNT","Wnt7b","FZD9_LRP6"
"WNT","Wnt8a","FZD1_LRP6"
"WNT","Wnt8a","FZD10_LRP6"
"WNT","Wnt8a","FZD2_LRP6"
"WNT","Wnt8a","FZD3_LRP6"
"WNT","Wnt8a","FZD4_LRP6"
"WNT","Wnt8a","FZD5_LRP6"
"WNT","Wnt8a","FZD6_LRP6"
"WNT","Wnt8a","FZD7_LRP6"
"WNT","Wnt8a","FZD8_LRP6"
"WNT","Wnt8a","FZD9_LRP6"
"WNT","Wnt8b","FZD1_LRP6"
"WNT","Wnt8b","FZD10_LRP6"
"WNT","Wnt8b","FZD2_LRP6"
"WNT","Wnt8b","FZD3_LRP6"
"WNT","Wnt8b","FZD4_LRP6"
"WNT","Wnt8b","FZD5_LRP6"
"WNT","Wnt8b","FZD6_LRP6"
"WNT","Wnt8b","FZD7_LRP6"
"WNT","Wnt8b","FZD8_LRP6"
"WNT","Wnt8b","FZD9_LRP6"
"WNT","Wnt9a","FZD1_LRP6"
"WNT","Wnt9a","FZD10_LRP6"
"WNT","Wnt9a","FZD2_LRP6"
"WNT","Wnt9a","FZD3_LRP6"
"WNT","Wnt9a","FZD4_LRP6"
"WNT","Wnt9a","FZD5_LRP6"
"WNT","Wnt9a","FZD6_LRP6"
"WNT","Wnt9a","FZD7_LRP6"
"WNT","Wnt9a","FZD8_LRP6"
"WNT","Wnt9a","FZD9_LRP6"
"WNT","Wnt9b","FZD1_LRP6"
"WNT","Wnt9b","FZD10_LRP6"
"WNT","Wnt9b","FZD2_LRP6"
"WNT","Wnt9b","FZD3_LRP6"
"WNT","Wnt9b","FZD4_LRP6"
"WNT","Wnt9b","FZD5_LRP6"
"WNT","Wnt9b","FZD6_LRP6"
"WNT","Wnt9b","FZD7_LRP6"
"WNT","Wnt9b","FZD8_LRP6"
"WNT","Wnt9b","FZD9_LRP6"
"ncWNT","Wnt5a","Fzd1"
"ncWNT","Wnt5a","Fzd10"
"ncWNT","Wnt5a","Fzd2"
"ncWNT","Wnt5a","Fzd3"
"ncWNT","Wnt5a","Fzd4"
"ncWNT","Wnt5a","Fzd5"
"ncWNT","Wnt5a","Fzd6"
"ncWNT","Wnt5a","Fzd7"
"ncWNT","Wnt5a","Fzd8"
"ncWNT","Wnt5a","Fzd9"
"ncWNT","Wnt5a","Mcam"
"ncWNT","Wnt5b","Fzd1"
"ncWNT","Wnt5b","Fzd10"
"ncWNT","Wnt5b","Fzd2"
"ncWNT","Wnt5b","Fzd3"
"ncWNT","Wnt5b","Fzd4"
"ncWNT","Wnt5b","Fzd5"
"ncWNT","Wnt5b","Fzd6"
"ncWNT","Wnt5b","Fzd7"
"ncWNT","Wnt5b","Fzd8"
"ncWNT","Wnt5b","Fzd9"
"ncWNT","Wnt11","Fzd1"
"ncWNT","Wnt11","Fzd10"
"ncWNT","Wnt11","Fzd2"
"ncWNT","Wnt11","Fzd3"
"ncWNT","Wnt11","Fzd4"
"ncWNT","Wnt11","Fzd5"
"ncWNT","Wnt11","Fzd6"
"ncWNT","Wnt11","Fzd7"
"ncWNT","Wnt11","Fzd8"
"ncWNT","Wnt11","Fzd9"
"EGF","Egf","Egfr"
"EGF","Egf","EGFR_ERBB2"
"EGF","Tgfa","Egfr"
"EGF","Tgfa","EGFR_ERBB2"
"EGF","Areg","Egfr"
"EGF","Areg","EGFR_ERBB2"
"EGF","Btc","Egfr"
"EGF","Btc","EGFR_ERBB2"
"EGF","Btc","Erbb4"
"EGF","Btc","ERBB2_ERBB4"
"EGF","Hbegf","Egfr"
"EGF","Hbegf","EGFR_ERBB2"
"EGF","Hbegf","Erbb4"
"EGF","Hbegf","ERBB2_ERBB4"
"EGF","Ereg","Egfr"
"EGF","Ereg","EGFR_ERBB2"
"EGF","Ereg","Erbb4"
"EGF","Ereg","ERBB2_ERBB4"
"NRG","Nrg1","Erbb3"
"NRG","Nrg1","ERBB2_ERBB3"
"NRG","Nrg1","Erbb4"
"NRG","Nrg1","ERBB2_ERBB4"
"NRG","Nrg2","Erbb3"
"NRG","Nrg2","ERBB2_ERBB3"
"NRG","Nrg2","Erbb4"
"NRG","Nrg2","ERBB2_ERBB4"
"NRG","Nrg3","Erbb4"
"NRG","Nrg3","ERBB2_ERBB4"
"NRG","Nrg4","Erbb4"
"NRG","Nrg4","ERBB2_ERBB4"
"NRG","Nrg1","ITGAV_ITGB3"
"FGF","Fgf1","Fgfr1"
"FGF","Fgf1","Fgfr2"
"FGF","Fgf1","Fgfr3"
"FGF","Fgf1","Fgfr4"
"FGF","Fgf2","Fgfr1"
"FGF","Fgf2","Fgfr2"
"FGF","Fgf2","Fgfr3"
"FGF","Fgf2","Fgfr4"
"FGF","Fgf4","Fgfr1"
"FGF","Fgf4","Fgfr2"
"FGF","Fgf4","Fgfr3"
"FGF","Fgf4","Fgfr4"
"FGF","Fgf5","Fgfr1"
"FGF","Fgf5","Fgfr2"
"FGF","Fgf5","Fgfr3"
"FGF","Fgf5","Fgfr4"
"FGF","Fgf6","Fgfr1"
"FGF","Fgf6","Fgfr2"
"FGF","Fgf6","Fgfr3"
"FGF","Fgf6","Fgfr4"
"FGF","Fgf7","Fgfr1"
"FGF","Fgf7","Fgfr2"
"FGF","Fgf3","Fgfr1"
"FGF","Fgf3","Fgfr2"
"FGF","Fgf10","Fgfr1"
"FGF","Fgf10","Fgfr2"
"FGF","Fgf22","Fgfr2"
"FGF","Fgf8","Fgfr1"
"FGF","Fgf8","Fgfr2"
"FGF","Fgf8","Fgfr3"
"FGF","Fgf8","Fgfr4"
"FGF","Fgf17","Fgfr1"
"FGF","Fgf17","Fgfr2"
"FGF","Fgf17","Fgfr3"
"FGF","Fgf17","Fgfr4"
"FGF","Fgf18","Fgfr1"
"FGF","Fgf18","Fgfr2"
"FGF","Fgf18","Fgfr3"
"FGF","Fgf18","Fgfr4"
"FGF","Fgf9","Fgfr1"
"FGF","Fgf9","Fgfr2"
"FGF","Fgf9","Fgfr3"
"FGF","Fgf9","Fgfr4"
"FGF","Fgf20","Fgfr1"
"FGF","Fgf20","Fgfr2"
"FGF","Fgf20","Fgfr3"
"FGF","Fgf20","Fgfr4"
"FGF","Fgf16","Fgfr1"
"FGF","Fgf16","Fgfr2"
"FGF","Fgf16","Fgfr3"
"FGF","Fgf16","Fgfr4"
"FGF","Fgf15","Fgfr1"
"FGF","Fgf15","Fgfr2"
"FGF","Fgf15","Fgfr3"
"FGF","Fgf15","Fgfr4"
"FGF","Fgf21","Fgfr1"
"FGF","Fgf21","Fgfr3"
"FGF","Fgf23","Fgfr1"
"FGF","Fgf23","Fgfr3"
"FGF","Fgf23","Fgfr4"
"PDGF","Pdgfa","Pdgfra"
"PDGF","Pdgfa","Pdgfrb"
"PDGF","Pdgfb","Pdgfra"
"PDGF","Pdgfb","Pdgfrb"
"PDGF","Pdgfc","Pdgfra"
"PDGF","Pdgfd","Pdgfrb"
"VEGF","Vegfa","Flt1"
"VEGF","Vegfa","Kdr"
"VEGF","Vegfb","Flt1"
"VEGF","Vegfc","Flt4"
"VEGF","Vegfc","Kdr"
"VEGF","Vegfd","Flt4"
"VEGF","Vegfd","Kdr"
"VEGF","Pgf","Flt1"
"VEGF","Vegfa","FLT1_KDR"
"VEGF","Vegfc","FLT4_KDR"
"VEGF","Vegfd","FLT4_KDR"
"IGF","Igf1","Igf1r"
"IGF","Igf2","Igf1r"
"IGF","Igf2","Igf2r"
"IGF","Igf1","ITGAV_ITGB3"
"IGF","Igf1","ITGA6_ITGB4"
"IGF","Igf2","ITGAV_ITGB3"
"IGF","Igf2","ITGA6_ITGB4"
"IGF","Igfl3","Igflr1"
"INSULIN","Ins1","Insr"
"INSULIN","Ins2","Insr"
"APELIN","Apln","Aplnr"
"HH","Dhh","PTCH1_SMO"
"HH","Ihh","PTCH1_SMO"
"HH","Shh","PTCH1_SMO"
"HH","Dhh","PTCH2_SMO"
"HH","Ihh","PTCH2_SMO"
"HH","Shh","PTCH2_SMO"
"CCL","Ccl5","Ccr1"
"CCL","Ccl3","Ccr1"
"CCL","Ccl8","Ccr1"
"CCL","Ccl9","Ccr1"
"CCL","Ccl6","Ccr1"
"CCL","Ccl7","Ccr1"
"CCL","Ccl5","Ccr1l1"
"CCL","Ccl3","Ccr1l1"
"CCL","Ccl8","Ccr1l1"
"CCL","Ccl9","Ccr1l1"
"CCL","Ccl6","Ccr1l1"
"CCL","Ccl7","Ccr1l1"
"CCL","Ccl8","Ccr2"
"CCL","Ccl6","Ccr2"
"CCL","Ccl7","Ccr2"
"CCL","Ccl2","Ccr2"
"CCL","Ccl12","Ccr2"
"CCL","Ccl27a","Ccr2"
"CCL","Ccl27b","Ccr2"
"CCL","Ccl5","Ccr3"
"CCL","Ccl6","Ccr3"
"CCL","Ccl7","Ccr3"
"CCL","Ccl11","Ccr3"
"CCL","Ccl24","Ccr3"
"CCL","Ccl26","Ccr3"
"CCL","Ccl28","Ccr3"
"CCL","Ccl27a","Ccr3"
"CCL","Ccl27b","Ccr3"
"CCL","Ccl17","Ccr4"
"CCL","Ccl22","Ccr4"
"CCL","Ccl5","Ccr4"
"CCL","Ccl4","Ccr5"
"CCL","Ccl5","Ccr5"
"CCL","Ccl3","Ccr5"
"CCL","Ccl8","Ccr5"
"CCL","Ccl20","Ccr6"
"CCL","Ccl19","Ccr7"
"CCL","Ccl21a","Ccr7"
"CCL","Ccl21b","Ccr7"
"CCL","Ccl21c","Ccr7"
"CCL","Ccl19","Ackr4"
"CCL","Ccl21a","Ackr4"
"CCL","Ccl21b","Ackr4"
"CCL","Ccl21c","Ackr4"
"CCL","Ccl1","Ccr8"
"CCL","Ccl25","Ccr9"
"CCL","Ccl25","Ackr4"
"CCL","Ccl28","Ccr10"
"CCL","Ccl27a","Ccr10"
"CCL","Ccl27b","Ccr10"
"CCL","Ccl1","Ackr4"
"CCL","Ccl8","Ackr4"
"CCL","Ccl1","Ackr1"
"CCL","Ccl2","Ackr1"
"CCL","Ccl2","Ackr2"
"CCL","Ccl3","Ackr2"
"CCL","Ccl4","Ackr2"
"CCL","Ccl5","Ackr1"
"CCL","Ccl5","Ackr2"
"CCL","Ccl7","Ackr1"
"CCL","Ccl8","Ackr1"
"CCL","Ccl11","Ackr1"
"CCL","Ccl11","Ackr2"
"CCL","Ccl22","Ackr2"
"CCL","Ccl24","Ackr2"
"CCL","Ccl26","Ackr2"
"CCL","Ccl17","Ackr1"
"CCL","Ccl17","Ackr2"
"CXCL","Cxcl1","Cxcr1"
"CXCL","Cxcl5","Cxcr1"
"CXCL","Cxcl2","Cxcr1"
"CXCL","Cxcl3","Cxcr1"
"CXCL","Cxcl1","Cxcr2"
"CXCL","Cxcl5","Cxcr2"
"CXCL","Cxcl2","Cxcr2"
"CXCL","Cxcl3","Cxcr2"
"CXCL","Ppbp","Cxcr2"
"CXCL","Pf4","Cxcr3"
"CXCL","Cxcl9","Cxcr3"
"CXCL","Cxcl10","Cxcr3"
"CXCL","Cxcl11","Cxcr3"
"CXCL","Cxcl13","Cxcr3"
"CXCL","Pf4","Cxcr3"
"CXCL","Cxcl12","Cxcr4"
"CXCL","Cxcl12","Ackr3"
"CXCL","Cxcl13","Cxcr5"
"CXCL","Cxcl16","Cxcr6"
"CXCL","Cxcl1","Ackr1"
"CXCL","Cxcl2","Ackr1"
"CXCL","Cxcl3","Ackr1"
"CXCL","Cxcl5","Ackr1"
"CXCL","Cxcl9","Ackr1"
"CXCL","Cxcl10","Ackr1"
"CXCL","Cxcl11","Ackr1"
"CXCL","Cxcl11","Ackr3"
"CXCL","Cxcl13","Ackr1"
"MIF","Mif","CD74_CXCR4"
"MIF","Mif","CD74_CD44"
"MIF","Mif","CD74_CXCR2"
"MIF","Mif","Ackr3"
"CX3C","Cx3cl1","Cx3cr1"
"XCR","Xcl1","Xcr1"
"IL2","Il2","IL2RA_IL2RB"
"IL2","Il2","IL2RB_IL2RG"
"IL2","Il4","IL4R_IL2RG"
"IL2","Il7","IL7R_IL2RG"
"IL2","Il9","IL9R_IL2RG"
"IL2","Il15","IL15RA_IL2RB"
"IL2","Il21","IL21R_IL2RG"
"IL2","Tslp","IL7R_CRLF2"
"IL4","Il3","IL3RA_CSF2RB"
"IL4","Il5","IL5RA_CSF2RB"
"IL4","Csf2","CSF2RA_CSF2RB"
"IL4","Il4","Il4ra"
"IL4","Il4","IL4R_IL13RA1"
"IL4","Il4","IL4R_IL13RA2"
"IL4","Il13","IL4R_IL13RA1"
"IL4","Il13","IL4R_IL13RA2"
"IL4","Il13","Il13ra1"
"IL4","Il13","Il13ra2"
"IL6","Il6","IL6R_IL6ST"
"IL6","Il11","IL11R complex 1"
"IL6","Il11","IL11R complex 2"
"IL12","IL12AB","IL12RB1_IL12RB2"
"IL12","IL23 complex","IL23R_IL12RB1"
"IL12","IL27 complex","IL27RA_IL6ST"
"IL6","Il31","IL31RA_OSMR"
"LIFR","Cntf","CNTFR_LIFR"
"LIFR","Clcf1","CNTFR_LIFR"
"LIFR","Ctf1","LIFR_IL6ST"
"LIFR","Lif","LIFR_IL6ST"
"OSM","Osm","LIFR_IL6ST"
"OSM","Osm","OSMR_IL6ST"
"IL10","Il10","IL10RA_IL10RB"
"IL10","Il19","IL20RA_IL20RB"
"IL10","Il20","IL20RA_IL20RB"
"IL10","Il24","IL20RA_IL20RB"
"IL10","Il20","IL22RA1_IL20RB"
"IL10","Il24","IL22RA1_IL20RB"
"IL10","Il22","IL22RA1_IL10RB"
"IL1","Il1a","IL1R1_IL1RAP"
"IL1","Il1b","IL1R1_IL1RAP"
"IL1","Il1f5","IL1RL2_IL1RAP"
"IL1","Il1f6","IL1RL2_IL1RAP"
"IL1","Il1f8","IL1RL2_IL1RAP"
"IL1","Il1f9","IL1RL2_IL1RAP"
"IL1","Il1f10","IL1RL2_IL1RAP"
"IL1","Il18","IL18R1_IL18RAP"
"IL1","Il33","IL1RL1_IL1RAP"
"IL17","Il17a","IL17RA_IL17RC"
"IL17","Il17f","IL17RA_IL17RC"
"IL17","IL17AF","IL17RA_IL17RC"
"IL17","Il17b","Il17rb"
"IL17","Il17c","IL17RA_IL17RE"
"IL17","Il25","IL17RA_IL17RB"
"CSF","Il34","Csf1r"
"CSF","Csf1","Csf1r"
"IL16","Il16","Cd4"
"EPO","Epo","Epor"
"GH","Gh","Ghr"
"PRL","Prl","Prlr"
"THPO","Thpo","Mpl"
"CSF3","Csf3","Csf3r"
"IFN-I","Ifna","IFNAR1_IFNAR2"
"IFN-I","Ifnb1","IFNAR1_IFNAR2"
"IFN-I","Ifnk","IFNAR1_IFNAR2"
"IFN-I","Ifne","IFNAR1_IFNAR2"
"IFN-I","Ifna11","IFNAR1_IFNAR2"
"IFN-I","Ifna1","IFNAR1_IFNAR2"
"IFN-I","Ifna2","IFNAR1_IFNAR2"
"IFN-I","Ifna4","IFNAR1_IFNAR2"
"IFN-I","Ifna5","IFNAR1_IFNAR2"
"IFN-I","Ifna6","IFNAR1_IFNAR2"
"IFN-I","Ifna7","IFNAR1_IFNAR2"
"IFN-I","Ifna9","IFNAR1_IFNAR2"
"IFN-I","Ifnab","IFNAR1_IFNAR2"
"IFN-I","Ifna12","IFNAR1_IFNAR2"
"IFN-I","Ifna13","IFNAR1_IFNAR2"
"IFN-I","Ifna14","IFNAR1_IFNAR2"
"IFN-I","Ifna15","IFNAR1_IFNAR2"
"IFN-II","Ifng","IFNGR1_IFNGR2"
"IFN-lII","Ifnl2","IFNLR1_IL10RB"
"IFN-lII","Ifnl3","IFNLR1_IL10RB"
"TNF","Tnf","Tnfrsf1a"
"TNF","Tnf","Tnfrsf1b"
"LT","Lta","Tnfrsf1a"
"LT","Lta","Tnfrsf1b"
"LT","Lta","Tnfrsf14"
"LT","LTa1b2","Ltbr"
"LIGHT","Tnfsf14","Ltbr"
"LIGHT","Tnfsf14","Tnfrsf14"
"FASLG","Fasl","Fas"
"VEGI","Tnfsf15","Tnfrsf25"
"TRAIL","Tnfsf10","Tnfrsf10b"
"EDA","Eda","Edar"
"EDA","Eda","Eda2r"
"NGF","Ngf","Ngfr"
"NGF","Klk1b4","Ngfr"
"RANKL","Tnfsf11","Tnfrsf11a"
"RANKL","Tnfsf11","Tnfrsf11b"
"TWEAK","Tnfsf12","Tnfrsf12a"
"CD70","Cd70","Cd27"
"CD30","Tnfsf8","Tnfrsf8"
"CD137","Tnfsf9","Tnfrsf9"
"OX40","Tnfsf4","Tnfrsf4"
"GITRL","Tnfsf18","Tnfrsf18"
"APRIL","Tnfsf13","Tnfrsf17"
"APRIL","Tnfsf13","Tnfrsf13b"
"BAFF","Tnfsf13b","Tnfrsf17"
"BAFF","Tnfsf13b","Tnfrsf13b"
"BAFF","Tnfsf13b","Tnfrsf13c"
"CD40","Cd40lg","ITGA2B_ITGB3"
"CD40","Cd40lg","ITGA5_ITGB1"
"CD40","Cd40lg","ITGAM_ITGB2"
"SPP1","Spp1","Cd44"
"SPP1","Spp1","ITGAV_ITGB3"
"SPP1","Spp1","ITGAV_ITGB1"
"SPP1","Spp1","ITGAV_ITGB5"
"SPP1","Spp1","ITGAV_ITGB6"
"SPP1","Spp1","ITGA4_ITGB1"
"SPP1","Spp1","ITGA9_ITGB1"
"SPP1","Spp1","ITGA8_ITGB1"
"SPP1","Spp1","ITGA5_ITGB1"
"ADIPONECTIN","Adipoq","Adipor1"
"ADIPONECTIN","Adipoq","Adipor2"
"RESISTIN","Retn","Tlr4"
"RESISTIN","Retn","Cap1"
"VISFATIN","Nampt","Insr"
"VISFATIN","Nampt","ITGA5_ITGB1"
"ANGPTL","Angptl1","ITGA1_ITGB1"
"ANGPTL","Angptl2","ITGA5_ITGB1"
"ANGPTL","Angptl2","Tlr4"
"ANGPTL","Angptl2","Pirb"
"ANGPTL","Angptl1","Pirb"
"ANGPTL","Angptl7","Pirb"
"ANGPTL","Angptl4","ITGA5_ITGB1"
"ANGPTL","Angptl4","ITGAV_ITGB3"
"ANGPTL","Angptl4","Cdh5"
"ANGPTL","Angptl4","Cdh11"
"ANGPTL","Angptl4","Sdc1"
"ANGPTL","Angptl4","Sdc2"
"ANGPTL","Angptl4","Sdc3"
"ANGPTL","Angptl4","Sdc4"
"ANGPTL","Angptl3","ITGAV_ITGB3"
"ANGPT","Angpt1","Tek"
"ANGPT","Angpt2","Tek"
"ANGPT","Angpt2","ITGA5_ITGB1"
"MK","Mdk","Sdc1"
"MK","Mdk","Sdc2"
"MK","Mdk","Sdc4"
"MK","Mdk","Ptprz1"
"MK","Mdk","ITGA4_ITGB1"
"MK","Mdk","ITGA6_ITGB1"
"MK","Mdk","Lrp1"
"MK","Mdk","Ncl"
"MK","Mdk","Alk"
"PTN","Ptn","Ptprz1"
"PTN","Ptn","Sdc1"
"PTN","Ptn","Sdc2"
"PTN","Ptn","Sdc3"
"PTN","Ptn","Sdc4"
"PTN","Ptn","ITGAV_ITGB3"
"PTN","Ptn","Ncl"
"PTN","Ptn","Alk"
"PERIOSTIN","Postn","ITGAV_ITGB3"
"PERIOSTIN","Postn","ITGAV_ITGB5"
"AGT","Agt","Agtr1a"
"AGT","Agt","Agtr1b"
"GPR","Grp","Grpr"
"GPR","Nmb","Nmbr"
"BRADYKININ","Kng1","Bdkrb1"
"BRADYKININ","Kng1","Bdkrb2"
"BRADYKININ","Kng2","Bdkrb1"
"BRADYKININ","Kng2","Bdkrb2"
"COMPLEMENT","C3","C3ar1"
"COMPLEMENT","C3","Cr2"
"COMPLEMENT","C3","ITGAM_ITGB2"
"COMPLEMENT","C3","ITGAX_ITGB2"
"COMPLEMENT","C4a","C3ar1"
"COMPLEMENT","C4b","Cr2"
"COMPLEMENT","Hc","C5ar1"
"CCK","Cck","Cckar"
"CCK","Cck","Cckbr"
"EDN","Edn1","Ednra"
"EDN","Edn2","Ednra"
"EDN","Edn3","Ednra"
"EDN","Edn1","Ednrb"
"EDN","Edn2","Ednrb"
"EDN","Edn3","Ednrb"
"GALANIN","Gal","Galr1"
"GALANIN","Gal","Galr2"
"GALANIN","Gal","Galr3"
"GALANIN","Galp","Galr1"
"GALANIN","Galp","Galr2"
"GHRELIN","Ghrl","Ghsr"
"KISS1","Kiss1","Kiss1r"
"MELANOCORTIN","Pomc","Mc1r"
"MELANOCORTIN","Pomc","Mc2r"
"MELANOCORTIN","Pomc","Mc3r"
"MELANOCORTIN","Pomc","Mc4r"
"MELANOCORTIN","Pomc","Mc5r"
"NMU","Nmu","Nmur1"
"NMU","Nmu","Nmur2"
"NMU","Nms","Nmur1"
"NMU","Nms","Nmur2"
"NPFF","Npff","Npffr1"
"NPFF","Npff","Npffr2"
"NPY","Npy","Npy1r"
"NPY","Npy","Npy2r"
"NPY","Npy","Npy4r"
"NPY","Npy","Npy5r"
"NPY","Npy","Npy6r"
"NPY","Npy","Gpr83"
"NPY","Npy","Pgr15l"
"NPY","Ppy","Npy1r"
"NPY","Ppy","Npy2r"
"NPY","Ppy","Npy4r"
"NPY","Ppy","Npy5r"
"NPY","Ppy","Npy6r"
"NPY","Ppy","Gpr83"
"NPY","Ppy","Pgr15l"
"NPY","Pyy","Npy1r"
"NPY","Pyy","Npy2r"
"NPY","Pyy","Npy4r"
"NPY","Pyy","Npy5r"
"NPY","Pyy","Npy6r"
"NPY","Pyy","Gpr83"
"NPY","Pyy","Pgr15l"
"NPW-B","Npb","Npbwr1"
"NPW-B","Npw","Npbwr1"
"NTS","Nts","Ntsr1"
"NTS","Nts","Ntsr2"
"OPIOID","Pdyn","Oprd1"
"OPIOID","Pdyn","Oprk1"
"OPIOID","Pdyn","Oprl1"
"OPIOID","Pdyn","Oprm1"
"OPIOID","Penk","Oprd1"
"OPIOID","Penk","Oprk1"
"OPIOID","Penk","Oprl1"
"OPIOID","Penk","Oprm1"
"OPIOID","Pomc","Oprd1"
"OPIOID","Pomc","Oprk1"
"OPIOID","Pomc","Oprl1"
"OPIOID","Pomc","Oprm1"
"HCRT","Hcrt","Hcrtr1"
"HCRT","Hcrt","Hcrtr2"
"OXT","Oxt","Oxtr"
"SOMATOSTATIN","Sst","Sstr1"
"SOMATOSTATIN","Sst","Sstr2"
"SOMATOSTATIN","Sst","Sstr3"
"SOMATOSTATIN","Sst","Sstr4"
"SOMATOSTATIN","Sst","Sstr5"
"SOMATOSTATIN","Cort","Sstr1"
"SOMATOSTATIN","Cort","Sstr2"
"SOMATOSTATIN","Cort","Sstr3"
"SOMATOSTATIN","Cort","Sstr4"
"SOMATOSTATIN","Cort","Sstr5"
"TAC","Tac1","Tacr1"
"TAC","Tac4","Tacr1"
"TAC","Tac1","Tacr2"
"TAC","Tac2","Tacr3"
"UTS2","Uts2","Uts2r"
"AVP","Avp","Avpr2"
"AVP","Avp","Avpr1a"
"AVP","Avp","Avpr1b"
"PRLH","Prlh","Prlhr"
"PARs","Gm10334","F2r"
"PARs","Try5","F2r"
"PARs","Ctsg","F2r"
"PARs","F2","F2r"
"PARs","Gzma","F2r"
"PARs","Prss2","F2r"
"PARs","Try4","F2r"
"PARs","Try10","F2r"
"PARs","Gm10334","F2rl1"
"PARs","Try5","F2rl1"
"PARs","Ctsg","F2rl1"
"PARs","F2","F2rl1"
"PARs","Gzma","F2rl1"
"PARs","Prss2","F2rl1"
"PARs","Try4","F2rl1"
"PARs","Try10","F2rl1"
"PARs","Gm10334","F2rl2"
"PARs","Try5","F2rl2"
"PARs","Ctsg","F2rl2"
"PARs","F2","F2rl2"
"PARs","Gzma","F2rl2"
"PARs","Prss2","F2rl2"
"PARs","Try4","F2rl2"
"PARs","Try10","F2rl2"
"PARs","Gm10334","F2rl3"
"PARs","Try5","F2rl3"
"PARs","Ctsg","F2rl3"
"PARs","F2","F2rl3"
"PARs","Gzma","F2rl3"
"PARs","Plg","F2rl3"
"PARs","Prss2","F2rl3"
"PARs","Try4","F2rl3"
"PARs","Try10","F2rl3"
"PARs","Gm10334","Pard3"
"PARs","Try5","Pard3"
"PARs","Ctsg","Pard3"
"PARs","F2","Pard3"
"PARs","Gzma","Pard3"
"PARs","Plg","Pard3"
"PARs","Prss2","Pard3"
"PARs","Try4","Pard3"
"PARs","Try10","Pard3"
"PMCH","Pmch","Mchr1"
"PROK","Prok1","Prokr2"
"PROK","Prok1","Prokr1"
"PROK","Prok2","Prokr1"
"PROK","Prok2","Prokr2"
"PACAP","Adcyap1","Adcyap1r1"
"VIP","Vip","Vipr1"
"VIP","Vip","Vipr2"
"NPR1","Nppa","Npr1"
"NPR1","Nppb","Npr1"
"NPR2","Nppc","Npr2"
"KIT","Kitl","Kit"
"GIPR","Gcg","Gipr"
"GIPR","Gip","Gipr"
"FSH","Fshb","Fshr"
"FSH","Cga","Fshr"
"LHB","Lhb","Lhcgr"
"LHB","Cga","Lhcgr"
"TSH","Tshb","Tshr"
"TSH","Cga","Tshr"
"NT","Bdnf","Ntrk2"
"NT","Ngf","Ntrk1"
"FLT3","Flt3l","Flt3"
"HGF","Hgf","Met"
"NT","Klk1b4","Ntrk1"
"NT","Ntf3","Ntrk1"
"NT","Ntf3","Ntrk2"
"NT","Ntf3","Ntrk3"
"NT","Ntf5","Ntrk2"
"SEMA3","Sema3a","NRP1_PLXNA1"
"SEMA3","Sema3a","NRP1_PLXNA2"
"SEMA3","Sema3a","NRP1_PLXNA3"
"SEMA3","Sema3a","NRP1_PLXNA4"
"SEMA3","Sema3b","NRP1_PLXNA1"
"SEMA3","Sema3b","NRP1_PLXNA2"
"SEMA3","Sema3b","NRP1_PLXNA3"
"SEMA3","Sema3b","NRP1_PLXNA4"
"SEMA3","Sema3c","NRP1_PLXNA1"
"SEMA3","Sema3c","NRP1_PLXNA2"
"SEMA3","Sema3c","NRP1_PLXNA3"
"SEMA3","Sema3c","NRP1_PLXNA4"
"SEMA3","Sema3d","NRP1_PLXNA1"
"SEMA3","Sema3d","NRP1_PLXNA2"
"SEMA3","Sema3d","NRP1_PLXNA3"
"SEMA3","Sema3d","NRP1_PLXNA4"
"SEMA3","Sema3b","NRP2_PLXNA1"
"SEMA3","Sema3b","NRP2_PLXNA2"
"SEMA3","Sema3b","NRP2_PLXNA3"
"SEMA3","Sema3b","NRP2_PLXNA4"
"SEMA3","Sema3c","NRP2_PLXNA1"
"SEMA3","Sema3c","NRP2_PLXNA2"
"SEMA3","Sema3c","NRP2_PLXNA3"
"SEMA3","Sema3c","NRP2_PLXNA4"
"SEMA3","Sema3d","NRP2_PLXNA1"
"SEMA3","Sema3d","NRP2_PLXNA2"
"SEMA3","Sema3d","NRP2_PLXNA3"
"SEMA3","Sema3d","NRP2_PLXNA4"
"SEMA3","Sema3f","NRP2_PLXNA1"
"SEMA3","Sema3f","NRP2_PLXNA2"
"SEMA3","Sema3f","NRP2_PLXNA3"
"SEMA3","Sema3f","NRP2_PLXNA4"
"SEMA3","Sema3g","NRP2_PLXNA1"
"SEMA3","Sema3g","NRP2_PLXNA2"
"SEMA3","Sema3g","NRP2_PLXNA3"
"SEMA3","Sema3g","NRP2_PLXNA4"
"SEMA3","Sema3c","NRP1_NRP2"
"SEMA3","Sema3c","Plxnd1"
"SEMA3","Sema3e","Plxnd1"
"CALCR","Adm","Calcr"
"CALCR","Adm","Calcrl"
"AGT","Agt","Mas1"
"ANNEXIN","Anxa1","Fpr2"
"ANNEXIN","Anxa1","Fpr1"
"APJ","Apela","Aplnr"
"CALCR","Calca","Calcr"
"CALCR","Calca","Calcrl"
"CALCR","Calcb","Calcr"
"CALCR","Calcb","Calcrl"
"CRH","Crh","Crhr1"
"CRH","Crh","Crhr2"
"ENHO","Enho","Gpr19"
"GAS","Gas6","Axl"
"GAS","Gas6","Mertk"
"GAS","Gas6","Tyro3"
"GCG","Gcg","Gcgr"
"GCG","Gcg","Glp1r"
"GCG","Gcg","Glp2r"
"GH","Gh","Ghr"
"GH","Gh","Prlr"
"GHRH","Ghrh","Vipr1"
"GHRH","Ghrh","Vipr2"
"GHRH","Ghrh","Ghsr"
"GHRH","Ghrh","Ghrhr"
"GNRH","Gnrh1","Gnrhr"
"GRN","Grn","Sort1"
"GUCA","Guca2a","Gucy2c"
"GUCA","Guca2b","Gucy2c"
"CALCR","Iapp","Calcr"
"CALCR","Iapp","Calcrl"
"RLN","Insl3","Rxfp2"
"RLN","Insl3","Rxfp1"
"RLN","Insl3","Rxfp4"
"RLN","Insl3","Rxfp3"
"RLN","Insl5","Rxfp4"
"RLN","Insl5","Rxfp3"
"RLN","Insl5","Rxfp2"
"RLN","Insl5","Rxfp1"
"LEP","Lep","Lepr"
"GALECTIN","Lgals9","Ptprc"
"GALECTIN","Lgals9","Ighm"
"NPS","Nps","Npsr1"
"NPVF","Npvf","Npffr1"
"NPVF","Npvf","Npffr2"
"OSTN","Ostn","Npr3"
"PMCH","Pmch","Mertk"
"PROS","Pros1","Axl"
"PROS","Pros1","Tyro3"
"PSAP","Psap","Gpr37l1"
"PSAP","Psap","Gpr37"
"PTH","Pth","Pth1r"
"PTH","Pth","Pth2r"
"PTH","Pth2","Pth1r"
"PTH","Pth2","Pth2r"
"PTH","Pthlh","Pth1r"
"QRFP","Qrfp","Qrfpr"
"CHEMERIN","Rarres2","Gpr1"
"CHEMERIN","Rarres2","Cmklr1"
"RLN","Rln1","Rxfp2"
"RLN","Rln1","Rxfp1"
"RLN","Rln1","Rxfp3"
"RLN","Rln1","Rxfp4"
"RLN","Rln3","Rxfp3"
"RLN","Rln3","Rxfp1"
"RLN","Rln3","Rxfp4"
"RLN","Rln3","Rxfp2"
"SAA","Saa2","Fpr2"
"UGRP1","Scgb3a2","Marco"
"SCT","Sct","Sctr"
"SLURP","Slurp1","Chrnb1"
"SLURP","Slurp1","Chrnb2"
"SLURP","Slurp1","Chrnb3"
"SLURP","Slurp1","Chrnb4"
"SLURP","Slurp1","Chrna1"
"SLURP","Slurp1","Chrna2"
"SLURP","Slurp1","Chrna3"
"SLURP","Slurp1","Chrna4"
"SLURP","Slurp1","Chrna5"
"SLURP","Slurp1","Chrna6"
"SLURP","Slurp1","Chrna9"
"SLURP","Slurp1","Chrna10"
"SLURP","Slurp1","Chrnd"
"SLURP","Slurp1","Chrne"
"SLURP","Slurp1","Chrng"
"SLURP","Slurp1","Chrna7"
"SLURP","Slurp2","Chrnb1"
"SLURP","Slurp2","Chrnb2"
"SLURP","Slurp2","Chrnb3"
"SLURP","Slurp2","Chrnb4"
"SLURP","Slurp2","Chrna1"
"SLURP","Slurp2","Chrna2"
"SLURP","Slurp2","Chrna3"
"SLURP","Slurp2","Chrna4"
"SLURP","Slurp2","Chrna5"
"SLURP","Slurp2","Chrna6"
"SLURP","Slurp2","Chrna7"
"SLURP","Slurp2","Chrna9"
"SLURP","Slurp2","Chrna10"
"SLURP","Slurp2","Chrnd"
"SLURP","Slurp2","Chrne"
"SLURP","Slurp2","Chrng"
"BTLA","Btla","Tnfrsf14"
"TRH","Trh","Trhr"
"TRH","Trh","Trhr2"
"UCN","Ucn","Crhr1"
"UCN","Ucn","Crhr2"
"UCN","Ucn2","Crhr1"
"UCN","Ucn2","Crhr2"
"UCN","Ucn3","Crhr1"
"UCN","Ucn3","Crhr2"
"UROTENSIN","Uts2b","Uts2r"
"UROTENSIN","Uts2b","Sstr5"
"BAG","Bag6","Ncr3-ps"
"GALECTIN","Lgals9","Havcr2"
"GALECTIN","Lgals9","Cd44"
"COLLAGEN","Col1a1","ITGA1_ITGB1"
"COLLAGEN","Col1a2","ITGA1_ITGB1"
"COLLAGEN","Col2a1","ITGA1_ITGB1"
"COLLAGEN","Col4a1","ITGA1_ITGB1"
"COLLAGEN","Col4a2","ITGA1_ITGB1"
"COLLAGEN","Col4a3","ITGA1_ITGB1"
"COLLAGEN","Col4a4","ITGA1_ITGB1"
"COLLAGEN","Col4a5","ITGA1_ITGB1"
"COLLAGEN","Col4a6","ITGA1_ITGB1"
"COLLAGEN","Col6a1","ITGA1_ITGB1"
"COLLAGEN","Col6a2","ITGA1_ITGB1"
"COLLAGEN","Col6a3","ITGA1_ITGB1"
"COLLAGEN","Col6a4","ITGA1_ITGB1"
"COLLAGEN","Col6a5","ITGA1_ITGB1"
"COLLAGEN","Col6a6","ITGA1_ITGB1"
"COLLAGEN","Col9a1","ITGA1_ITGB1"
"COLLAGEN","Col9a2","ITGA1_ITGB1"
"COLLAGEN","Col9a3","ITGA1_ITGB1"
"COLLAGEN","Col1a1","ITGA2_ITGB1"
"COLLAGEN","Col1a2","ITGA2_ITGB1"
"COLLAGEN","Col2a1","ITGA2_ITGB1"
"COLLAGEN","Col4a1","ITGA2_ITGB1"
"COLLAGEN","Col4a2","ITGA2_ITGB1"
"COLLAGEN","Col4a3","ITGA2_ITGB1"
"COLLAGEN","Col4a4","ITGA2_ITGB1"
"COLLAGEN","Col4a5","ITGA2_ITGB1"
"COLLAGEN","Col4a6","ITGA2_ITGB1"
"COLLAGEN","Col6a1","ITGA2_ITGB1"
"COLLAGEN","Col6a2","ITGA2_ITGB1"
"COLLAGEN","Col6a3","ITGA2_ITGB1"
"COLLAGEN","Col6a4","ITGA2_ITGB1"
"COLLAGEN","Col6a5","ITGA2_ITGB1"
"COLLAGEN","Col6a6","ITGA2_ITGB1"
"COLLAGEN","Col9a1","ITGA2_ITGB1"
"COLLAGEN","Col9a2","ITGA2_ITGB1"
"COLLAGEN","Col9a3","ITGA2_ITGB1"
"FN1","Fn1","ITGA3_ITGB1"
"FN1","Fn1","ITGA4_ITGB1"
"FN1","Fn1","ITGA5_ITGB1"
"FN1","Fn1","ITGA8_ITGB1"
"LAMININ","Lama1","ITGA1_ITGB1"
"LAMININ","Lama2","ITGA1_ITGB1"
"LAMININ","Lama3","ITGA1_ITGB1"
"LAMININ","Lama4","ITGA1_ITGB1"
"LAMININ","Lama5","ITGA1_ITGB1"
"LAMININ","Lamb1","ITGA1_ITGB1"
"LAMININ","Lamb2","ITGA1_ITGB1"
"LAMININ","Lamb3","ITGA1_ITGB1"
"LAMININ","Lamc1","ITGA1_ITGB1"
"LAMININ","Lamc2","ITGA1_ITGB1"
"LAMININ","Lamc3","ITGA1_ITGB1"
"LAMININ","Lama1","ITGA2_ITGB1"
"LAMININ","Lama2","ITGA2_ITGB1"
"LAMININ","Lama3","ITGA2_ITGB1"
"LAMININ","Lama4","ITGA2_ITGB1"
"LAMININ","Lama5","ITGA2_ITGB1"
"LAMININ","Lamb1","ITGA2_ITGB1"
"LAMININ","Lamb2","ITGA2_ITGB1"
"LAMININ","Lamb3","ITGA2_ITGB1"
"LAMININ","Lamc1","ITGA2_ITGB1"
"LAMININ","Lamc2","ITGA2_ITGB1"
"LAMININ","Lamc3","ITGA2_ITGB1"
"CHAD","Chad","ITGA2_ITGB1"
"LAMININ","Lama1","ITGA3_ITGB1"
"LAMININ","Lama2","ITGA3_ITGB1"
"LAMININ","Lama3","ITGA3_ITGB1"
"LAMININ","Lama4","ITGA3_ITGB1"
"LAMININ","Lama5","ITGA3_ITGB1"
"LAMININ","Lamb1","ITGA3_ITGB1"
"LAMININ","Lamb2","ITGA3_ITGB1"
"LAMININ","Lamb3","ITGA3_ITGB1"
"LAMININ","Lamc1","ITGA3_ITGB1"
"LAMININ","Lamc2","ITGA3_ITGB1"
"LAMININ","Lamc3","ITGA3_ITGB1"
"RELN","Reln","ITGA3_ITGB1"
"THBS","Thbs1","ITGA3_ITGB1"
"THBS","Thbs2","ITGA3_ITGB1"
"THBS","Thbs3","ITGA3_ITGB1"
"THBS","Thbs4","ITGA3_ITGB1"
"THBS","Comp","ITGA3_ITGB1"
"COLLAGEN","Col1a1","ITGA3_ITGB1"
"COLLAGEN","Col1a2","ITGA3_ITGB1"
"COLLAGEN","Col2a1","ITGA3_ITGB1"
"COLLAGEN","Col4a1","ITGA3_ITGB1"
"COLLAGEN","Col4a2","ITGA3_ITGB1"
"COLLAGEN","Col4a3","ITGA3_ITGB1"
"COLLAGEN","Col4a4","ITGA3_ITGB1"
"COLLAGEN","Col4a5","ITGA3_ITGB1"
"COLLAGEN","Col4a6","ITGA3_ITGB1"
"COLLAGEN","Col6a1","ITGA3_ITGB1"
"COLLAGEN","Col6a2","ITGA3_ITGB1"
"COLLAGEN","Col6a3","ITGA3_ITGB1"
"COLLAGEN","Col6a4","ITGA3_ITGB1"
"COLLAGEN","Col6a5","ITGA3_ITGB1"
"COLLAGEN","Col6a6","ITGA3_ITGB1"
"COLLAGEN","Col9a1","ITGA3_ITGB1"
"COLLAGEN","Col9a2","ITGA3_ITGB1"
"COLLAGEN","Col9a3","ITGA3_ITGB1"
"LAMININ","Lama1","ITGA6_ITGB1"
"LAMININ","Lama2","ITGA6_ITGB1"
"LAMININ","Lama3","ITGA6_ITGB1"
"LAMININ","Lama4","ITGA6_ITGB1"
"LAMININ","Lama5","ITGA6_ITGB1"
"LAMININ","Lamb1","ITGA6_ITGB1"
"LAMININ","Lamb2","ITGA6_ITGB1"
"LAMININ","Lamb3","ITGA6_ITGB1"
"LAMININ","Lamc1","ITGA6_ITGB1"
"LAMININ","Lamc2","ITGA6_ITGB1"
"LAMININ","Lamc3","ITGA6_ITGB1"
"LAMININ","Lama1","ITGA7_ITGB1"
"LAMININ","Lama2","ITGA7_ITGB1"
"LAMININ","Lama3","ITGA7_ITGB1"
"LAMININ","Lama4","ITGA7_ITGB1"
"LAMININ","Lama5","ITGA7_ITGB1"
"LAMININ","Lamb1","ITGA7_ITGB1"
"LAMININ","Lamb2","ITGA7_ITGB1"
"LAMININ","Lamb3","ITGA7_ITGB1"
"LAMININ","Lamc1","ITGA7_ITGB1"
"LAMININ","Lamc2","ITGA7_ITGB1"
"LAMININ","Lamc3","ITGA7_ITGB1"
"VTN","Vtn","ITGA8_ITGB1"
"TENASCIN","Tnc","ITGA8_ITGB1"
"TENASCIN","Tnr","ITGA8_ITGB1"
"TENASCIN","Tnn","ITGA8_ITGB1"
"TENASCIN","Tnxb","ITGA8_ITGB1"
"NPNT","Npnt complex 1","ITGA8_ITGB1"
"NPNT","Npnt complex 2","ITGA8_ITGB1"
"TENASCIN","Tnc","ITGA9_ITGB1"
"TENASCIN","Tnr","ITGA9_ITGB1"
"TENASCIN","Tnn","ITGA9_ITGB1"
"TENASCIN","Tnxb","ITGA9_ITGB1"
"COLLAGEN","Col1a1","ITGA9_ITGB1"
"COLLAGEN","Col1a2","ITGA9_ITGB1"
"COLLAGEN","Col2a1","ITGA9_ITGB1"
"COLLAGEN","Col4a1","ITGA9_ITGB1"
"COLLAGEN","Col4a2","ITGA9_ITGB1"
"COLLAGEN","Col4a3","ITGA9_ITGB1"
"COLLAGEN","Col4a4","ITGA9_ITGB1"
"COLLAGEN","Col4a5","ITGA9_ITGB1"
"COLLAGEN","Col4a6","ITGA9_ITGB1"
"COLLAGEN","Col6a1","ITGA9_ITGB1"
"COLLAGEN","Col6a2","ITGA9_ITGB1"
"COLLAGEN","Col6a3","ITGA9_ITGB1"
"COLLAGEN","Col6a4","ITGA9_ITGB1"
"COLLAGEN","Col6a5","ITGA9_ITGB1"
"COLLAGEN","Col6a6","ITGA9_ITGB1"
"COLLAGEN","Col9a1","ITGA9_ITGB1"
"COLLAGEN","Col9a2","ITGA9_ITGB1"
"COLLAGEN","Col9a3","ITGA9_ITGB1"
"LAMININ","Lama1","ITGA9_ITGB1"
"LAMININ","Lama2","ITGA9_ITGB1"
"LAMININ","Lama3","ITGA9_ITGB1"
"LAMININ","Lama4","ITGA9_ITGB1"
"LAMININ","Lama5","ITGA9_ITGB1"
"LAMININ","Lamb1","ITGA9_ITGB1"
"LAMININ","Lamb2","ITGA9_ITGB1"
"LAMININ","Lamb3","ITGA9_ITGB1"
"LAMININ","Lamc1","ITGA9_ITGB1"
"LAMININ","Lamc2","ITGA9_ITGB1"
"LAMININ","Lamc3","ITGA9_ITGB1"
"COLLAGEN","Col1a1","ITGA10_ITGB1"
"COLLAGEN","Col1a2","ITGA10_ITGB1"
"COLLAGEN","Col2a1","ITGA10_ITGB1"
"COLLAGEN","Col4a1","ITGA10_ITGB1"
"COLLAGEN","Col4a2","ITGA10_ITGB1"
"COLLAGEN","Col4a3","ITGA10_ITGB1"
"COLLAGEN","Col4a4","ITGA10_ITGB1"
"COLLAGEN","Col4a5","ITGA10_ITGB1"
"COLLAGEN","Col4a6","ITGA10_ITGB1"
"COLLAGEN","Col6a1","ITGA10_ITGB1"
"COLLAGEN","Col6a2","ITGA10_ITGB1"
"COLLAGEN","Col6a3","ITGA10_ITGB1"
"COLLAGEN","Col6a4","ITGA10_ITGB1"
"COLLAGEN","Col6a5","ITGA10_ITGB1"
"COLLAGEN","Col6a6","ITGA10_ITGB1"
"COLLAGEN","Col9a1","ITGA10_ITGB1"
"COLLAGEN","Col9a2","ITGA10_ITGB1"
"COLLAGEN","Col9a3","ITGA10_ITGB1"
"COLLAGEN","Col1a1","ITGA11_ITGB1"
"COLLAGEN","Col1a2","ITGA11_ITGB1"
"COLLAGEN","Col2a1","ITGA11_ITGB1"
"COLLAGEN","Col4a1","ITGA11_ITGB1"
"COLLAGEN","Col4a2","ITGA11_ITGB1"
"COLLAGEN","Col4a3","ITGA11_ITGB1"
"COLLAGEN","Col4a4","ITGA11_ITGB1"
"COLLAGEN","Col4a5","ITGA11_ITGB1"
"COLLAGEN","Col4a6","ITGA11_ITGB1"
"COLLAGEN","Col6a1","ITGA11_ITGB1"
"COLLAGEN","Col6a2","ITGA11_ITGB1"
"COLLAGEN","Col6a3","ITGA11_ITGB1"
"COLLAGEN","Col6a4","ITGA11_ITGB1"
"COLLAGEN","Col6a5","ITGA11_ITGB1"
"COLLAGEN","Col6a6","ITGA11_ITGB1"
"COLLAGEN","Col9a1","ITGA11_ITGB1"
"COLLAGEN","Col9a2","ITGA11_ITGB1"
"COLLAGEN","Col9a3","ITGA11_ITGB1"
"FN1","Fn1","ITGAV_ITGB1"
"VTN","Vtn","ITGAV_ITGB1"
"DSPP","Dspp","ITGAV_ITGB1"
"FN1","Fn1","ITGA4_ITGB7"
"FN1","Fn1","ITGAV_ITGB3"
"VTN","Vtn","ITGAV_ITGB3"
"VWF","Vwf","ITGAV_ITGB3"
"TENASCIN","Tnc","ITGAV_ITGB3"
"TENASCIN","Tnr","ITGAV_ITGB3"
"TENASCIN","Tnn","ITGAV_ITGB3"
"TENASCIN","Tnxb","ITGAV_ITGB3"
"BSP","Ibsp","ITGAV_ITGB3"
"THBS","Thbs1","ITGAV_ITGB3"
"THBS","Thbs2","ITGAV_ITGB3"
"THBS","Thbs3","ITGAV_ITGB3"
"THBS","Thbs4","ITGAV_ITGB3"
"THBS","Comp","ITGAV_ITGB3"
"DMP1","Dmp1","ITGAV_ITGB3"
"FN1","Fn1","ITGA2B_ITGB3"
"VTN","Vtn","ITGA2B_ITGB3"
"VWF","Vwf","ITGA2B_ITGB3"
"TENASCIN","Tnc","ITGA2B_ITGB3"
"TENASCIN","Tnr","ITGA2B_ITGB3"
"TENASCIN","Tnn","ITGA2B_ITGB3"
"TENASCIN","Tnxb","ITGA2B_ITGB3"
"VTN","Vtn","ITGAV_ITGB5"
"BSP","Ibsp","ITGAV_ITGB5"
"TENASCIN","Tnc","ITGAV_ITGB6"
"TENASCIN","Tnr","ITGAV_ITGB6"
"TENASCIN","Tnn","ITGAV_ITGB6"
"TENASCIN","Tnxb","ITGAV_ITGB6"
"FN1","Fn1","ITGAV_ITGB6"
"DSPP","Dspp","ITGAV_ITGB6"
"VTN","Vtn","ITGAV_ITGB8"
"FN1","Fn1","ITGAV_ITGB8"
"LAMININ","Lama1","ITGAV_ITGB8"
"LAMININ","Lama2","ITGAV_ITGB8"
"LAMININ","Lama3","ITGAV_ITGB8"
"LAMININ","Lama4","ITGAV_ITGB8"
"LAMININ","Lama5","ITGAV_ITGB8"
"LAMININ","Lamb1","ITGAV_ITGB8"
"LAMININ","Lamb2","ITGAV_ITGB8"
"LAMININ","Lamb3","ITGAV_ITGB8"
"LAMININ","Lamc1","ITGAV_ITGB8"
"LAMININ","Lamc2","ITGAV_ITGB8"
"LAMININ","Lamc3","ITGAV_ITGB8"
"COLLAGEN","Col1a1","ITGAV_ITGB8"
"COLLAGEN","Col1a2","ITGAV_ITGB8"
"COLLAGEN","Col2a1","ITGAV_ITGB8"
"COLLAGEN","Col4a1","ITGAV_ITGB8"
"COLLAGEN","Col4a2","ITGAV_ITGB8"
"COLLAGEN","Col4a3","ITGAV_ITGB8"
"COLLAGEN","Col4a4","ITGAV_ITGB8"
"COLLAGEN","Col4a5","ITGAV_ITGB8"
"COLLAGEN","Col4a6","ITGAV_ITGB8"
"COLLAGEN","Col6a1","ITGAV_ITGB8"
"COLLAGEN","Col6a2","ITGAV_ITGB8"
"COLLAGEN","Col6a3","ITGAV_ITGB8"
"COLLAGEN","Col6a4","ITGAV_ITGB8"
"COLLAGEN","Col6a5","ITGAV_ITGB8"
"COLLAGEN","Col6a6","ITGAV_ITGB8"
"COLLAGEN","Col9a1","ITGAV_ITGB8"
"COLLAGEN","Col9a2","ITGAV_ITGB8"
"COLLAGEN","Col9a3","ITGAV_ITGB8"
"LAMININ","Lama1","ITGA6_ITGB4"
"LAMININ","Lama2","ITGA6_ITGB4"
"LAMININ","Lama3","ITGA6_ITGB4"
"LAMININ","Lama4","ITGA6_ITGB4"
"LAMININ","Lama5","ITGA6_ITGB4"
"LAMININ","Lamb1","ITGA6_ITGB4"
"LAMININ","Lamb2","ITGA6_ITGB4"
"LAMININ","Lamb3","ITGA6_ITGB4"
"LAMININ","Lamc1","ITGA6_ITGB4"
"LAMININ","Lamc2","ITGA6_ITGB4"
"LAMININ","Lamc3","ITGA6_ITGB4"
"FN1","Fn1","Cd44"
"COLLAGEN","Col1a1","Cd44"
"COLLAGEN","Col1a2","Cd44"
"COLLAGEN","Col2a1","Cd44"
"COLLAGEN","Col4a1","Cd44"
"COLLAGEN","Col4a2","Cd44"
"COLLAGEN","Col4a3","Cd44"
"COLLAGEN","Col4a4","Cd44"
"COLLAGEN","Col4a5","Cd44"
"COLLAGEN","Col4a6","Cd44"
"COLLAGEN","Col6a1","Cd44"
"COLLAGEN","Col6a2","Cd44"
"COLLAGEN","Col6a3","Cd44"
"COLLAGEN","Col6a4","Cd44"
"COLLAGEN","Col6a5","Cd44"
"COLLAGEN","Col6a6","Cd44"
"COLLAGEN","Col9a1","Cd44"
"COLLAGEN","Col9a2","Cd44"
"COLLAGEN","Col9a3","Cd44"
"LAMININ","Lama1","Cd44"
"LAMININ","Lama2","Cd44"
"LAMININ","Lama3","Cd44"
"LAMININ","Lama4","Cd44"
"LAMININ","Lama5","Cd44"
"LAMININ","Lamb1","Cd44"
"LAMININ","Lamb2","Cd44"
"LAMININ","Lamb3","Cd44"
"LAMININ","Lamc1","Cd44"
"LAMININ","Lamc2","Cd44"
"LAMININ","Lamc3","Cd44"
"COLLAGEN","Col1a1","Sdc1"
"COLLAGEN","Col1a2","Sdc1"
"COLLAGEN","Col2a1","Sdc1"
"COLLAGEN","Col4a1","Sdc1"
"COLLAGEN","Col4a2","Sdc1"
"COLLAGEN","Col4a3","Sdc1"
"COLLAGEN","Col4a4","Sdc1"
"COLLAGEN","Col4a5","Sdc1"
"COLLAGEN","Col4a6","Sdc1"
"COLLAGEN","Col6a1","Sdc1"
"COLLAGEN","Col6a2","Sdc1"
"COLLAGEN","Col6a3","Sdc1"
"COLLAGEN","Col6a4","Sdc1"
"COLLAGEN","Col6a5","Sdc1"
"COLLAGEN","Col6a6","Sdc1"
"COLLAGEN","Col9a1","Sdc1"
"COLLAGEN","Col9a2","Sdc1"
"COLLAGEN","Col9a3","Sdc1"
"FN1","Fn1","Sdc1"
"TENASCIN","Tnc","Sdc1"
"TENASCIN","Tnr","Sdc1"
"TENASCIN","Tnn","Sdc1"
"TENASCIN","Tnxb","Sdc1"
"THBS","Thbs1","Sdc1"
"THBS","Thbs2","Sdc1"
"THBS","Thbs3","Sdc1"
"THBS","Thbs4","Sdc1"
"THBS","Comp","Sdc1"
"COLLAGEN","Col1a1","Sdc4"
"COLLAGEN","Col1a2","Sdc4"
"COLLAGEN","Col2a1","Sdc4"
"COLLAGEN","Col4a1","Sdc4"
"COLLAGEN","Col4a2","Sdc4"
"COLLAGEN","Col4a3","Sdc4"
"COLLAGEN","Col4a4","Sdc4"
"COLLAGEN","Col4a5","Sdc4"
"COLLAGEN","Col4a6","Sdc4"
"COLLAGEN","Col6a1","Sdc4"
"COLLAGEN","Col6a2","Sdc4"
"COLLAGEN","Col6a3","Sdc4"
"COLLAGEN","Col6a4","Sdc4"
"COLLAGEN","Col6a5","Sdc4"
"COLLAGEN","Col6a6","Sdc4"
"COLLAGEN","Col9a1","Sdc4"
"COLLAGEN","Col9a2","Sdc4"
"COLLAGEN","Col9a3","Sdc4"
"FN1","Fn1","Sdc4"
"TENASCIN","Tnc","Sdc4"
"TENASCIN","Tnr","Sdc4"
"TENASCIN","Tnn","Sdc4"
"TENASCIN","Tnxb","Sdc4"
"THBS","Thbs1","Sdc4"
"THBS","Thbs2","Sdc4"
"THBS","Thbs3","Sdc4"
"THBS","Thbs4","Sdc4"
"THBS","Comp","Sdc4"
"LAMININ","Lama1","Sv2a"
"LAMININ","Lama2","Sv2a"
"LAMININ","Lama3","Sv2a"
"LAMININ","Lama4","Sv2a"
"LAMININ","Lama5","Sv2a"
"LAMININ","Lamb1","Sv2a"
"LAMININ","Lamb2","Sv2a"
"LAMININ","Lamb3","Sv2a"
"LAMININ","Lamc1","Sv2a"
"LAMININ","Lamc2","Sv2a"
"LAMININ","Lamc3","Sv2a"
"LAMININ","Lama1","Sv2b"
"LAMININ","Lama2","Sv2b"
"LAMININ","Lama3","Sv2b"
"LAMININ","Lama4","Sv2b"
"LAMININ","Lama5","Sv2b"
"LAMININ","Lamb1","Sv2b"
"LAMININ","Lamb2","Sv2b"
"LAMININ","Lamb3","Sv2b"
"LAMININ","Lamc1","Sv2b"
"LAMININ","Lamc2","Sv2b"
"LAMININ","Lamc3","Sv2b"
"LAMININ","Lama1","Sv2c"
"LAMININ","Lama2","Sv2c"
"LAMININ","Lama3","Sv2c"
"LAMININ","Lama4","Sv2c"
"LAMININ","Lama5","Sv2c"
"LAMININ","Lamb1","Sv2c"
"LAMININ","Lamb2","Sv2c"
"LAMININ","Lamb3","Sv2c"
"LAMININ","Lamc1","Sv2c"
"LAMININ","Lamc2","Sv2c"
"LAMININ","Lamc3","Sv2c"
"THBS","Thbs1","Cd36"
"THBS","Thbs2","Cd36"
"THBS","Thbs3","Cd36"
"THBS","Thbs4","Cd36"
"THBS","Comp","Cd36"
"VWF","Vwf","GP complex"
"COLLAGEN","Col1a1","Gp6"
"COLLAGEN","Col1a2","Gp6"
"COLLAGEN","Col2a1","Gp6"
"COLLAGEN","Col4a1","Gp6"
"COLLAGEN","Col4a2","Gp6"
"COLLAGEN","Col4a3","Gp6"
"COLLAGEN","Col4a4","Gp6"
"COLLAGEN","Col4a5","Gp6"
"COLLAGEN","Col4a6","Gp6"
"COLLAGEN","Col6a1","Gp6"
"COLLAGEN","Col6a2","Gp6"
"COLLAGEN","Col6a3","Gp6"
"COLLAGEN","Col6a4","Gp6"
"COLLAGEN","Col6a5","Gp6"
"COLLAGEN","Col6a6","Gp6"
"COLLAGEN","Col9a1","Gp6"
"COLLAGEN","Col9a2","Gp6"
"COLLAGEN","Col9a3","Gp6"
"THBS","Thbs1","Cd47"
"THBS","Thbs2","Cd47"
"THBS","Thbs3","Cd47"
"THBS","Thbs4","Cd47"
"THBS","Comp","Cd47"
"AGRN","Agrn","Dag1"
"HSPG","Hspg2","Dag1"
"LAMININ","Lama1","Dag1"
"LAMININ","Lama2","Dag1"
"LAMININ","Lama3","Dag1"
"LAMININ","Lama4","Dag1"
"LAMININ","Lama5","Dag1"
"LAMININ","Lamb1","Dag1"
"LAMININ","Lamb2","Dag1"
"LAMININ","Lamb3","Dag1"
"LAMININ","Lamc1","Dag1"
"LAMININ","Lamc2","Dag1"
"LAMININ","Lamc3","Dag1"
"ADGRE5","Adgre5","Cd55b"
"ALCAM","Alcam","Cd6"
"ANXA1","Anxa1","FPR2_LXA4"
"APP","App","Cd74"
"BST2","Bst2","Pira2"
"CADM","Cadm1","Cadm1"
"CADM","Cadm3","Cadm3"
"CD1D2","Cd1d2","Pira2"
"CD200","Cd200","Cd200r1"
"CD200","Cd200","Cd200r2"
"CD200","Cd200","Cd200r3"
"CD200","Cd200","Cd200r4"
"CD22","Cd22","Ptprc"
"CD226","Cd226","Nectin2"
"CD226","Cd226","Pvr"
"CD23","Fcer2a","ITGAM_ITGB2"
"CD23","Fcer2a","ITGAX_ITGB2"
"CD23","Fcer2a","ITGAV_ITGB3"
"CD23","Fcer2a","Cr2"
"CD34","Cd34","Selp"
"CD39","Entpd1","Adora1"
"CD39","Entpd1","Adora2a"
"CD39","Entpd1","Adora2b"
"CD39","Entpd1","Tmigd3"
"CD40","Cd40lg","Cd40"
"CD45","Ptprc","Cd22"
"CD45","Ptprc","Mrc1"
"CD46","Cd46","Jag1"
"CD48","Cd48","Cd244a"
"CD52","Cd52","Siglecg"
"CD6","Cd6","Alcam"
"CD80","Cd80","Cd274"
"CD80","Cd80","Cd28"
"CD80","Cd80","Ctla4"
"CD86","Cd86","Cd28"
"CD86","Cd86","Ctla4"
"CD96","Cd96","Nectin1"
"CD96","Cd96","Pvr"
"CD99","Cd99","Pilra"
"CD99","Cd99","Cd99"
"CDH","Cdh15","Cdh15"
"CDH","Cdh4","Cdh4"
"CDH","Cdh2","Cdh2"
"CDH","Cdh1","Cdh1"
"CDH1","Cdh1","ITGA2_ITGB1"
"CDH1","Cdh1","ITGAE_ITGB7"
"CDH1","Cdh1","Klrg1"
"CDH5","Cdh5","Cdh5"
"CEACAM","Cd1d1","Ceacam5"
"CEACAM","Cd209a","Ceacam1"
"CEACAM","Cd8a","Ceacam5"
"CEACAM","Ceacam1","Ceacam5"
"CEACAM","Sele","Ceacam1"
"CLDN","Cldn11","Cldn11"
"CLEC","Clec2d","Klrb1b"
"CLEC","Clec2g","Klrb1"
"CLEC","Clec2h","Klrb1"
"CLEC","Clec2i","Klrb1"
"CLEC","Clec2f","Klrb1f"
"CLEC","Clec2g","Klrb1f"
"CLEC","Clec2i","Klrb1f"
"CNTN","Nfasc","CNTN1_CNTNAP1"
"CNTN","Cntn2","CNTN2_CNTNAP2"
"CNTN","Cntn2","L1cam"
"CNTN","Cntn2","Cntn2"
"CNTN","Cntn1","Nrcam"
"CSPG4","Cspg4","ITGA3_ITGB1"
"DESMOSOME","Dsc1","Dsg1c"
"DESMOSOME","Dsc1","Dsg2"
"DESMOSOME","Dsc2","Dsg1c"
"DESMOSOME","Dsc2","Dsg2"
"DESMOSOME","Dsg1c","Dsc3"
"DESMOSOME","Dsg2","Dsc3"
"EPGN","Epgn","Egfr"
"EPHA","Efna1","Epha1"
"EPHA","Efna1","Epha2"
"EPHA","Efna1","Epha3"
"EPHA","Efna1","Epha4"
"EPHA","Efna1","Epha5"
"EPHA","Efna1","Epha7"
"EPHA","Efna1","Epha8"
"EPHA","Efna2","Epha1"
"EPHA","Efna2","Epha2"
"EPHA","Efna2","Epha3"
"EPHA","Efna2","Epha4"
"EPHA","Efna2","Epha5"
"EPHA","Efna2","Epha7"
"EPHA","Efna2","Epha8"
"EPHA","Efna3","Epha1"
"EPHA","Efna3","Epha2"
"EPHA","Efna3","Epha3"
"EPHA","Efna3","Epha4"
"EPHA","Efna3","Epha5"
"EPHA","Efna3","Epha7"
"EPHA","Efna3","Epha8"
"EPHA","Efna4","Epha1"
"EPHA","Efna4","Epha2"
"EPHA","Efna4","Epha3"
"EPHA","Efna4","Epha4"
"EPHA","Efna4","Epha5"
"EPHA","Efna4","Epha7"
"EPHA","Efna4","Epha8"
"EPHA","Efna5","Epha1"
"EPHA","Efna5","Epha2"
"EPHA","Efna5","Epha3"
"EPHA","Efna5","Epha4"
"EPHA","Efna5","Epha5"
"EPHA","Efna5","Epha7"
"EPHA","Efna5","Epha8"
"EPHA","Efna5","Ephb2"
"EPHB","Efnb1","Epha4"
"EPHB","Efnb1","Ephb1"
"EPHB","Efnb1","Ephb2"
"EPHB","Efnb1","Ephb3"
"EPHB","Efnb1","Ephb4"
"EPHB","Efnb2","Epha4"
"EPHB","Efnb2","Ephb1"
"EPHB","Efnb2","Ephb2"
"EPHB","Efnb2","Ephb3"
"EPHB","Efnb2","Ephb4"
"EPHB","Efnb3","Epha4"
"EPHB","Efnb3","Ephb1"
"EPHB","Efnb3","Ephb2"
"EPHB","Efnb3","Ephb3"
"EPHB","Efnb3","Ephb4"
"EPHB","Efnb3","Ephb6"
"ESAM","Esam","Esam"
"GP1BA","Gp1ba","ITGAM_ITGB2"
"ICAM","Icam1","ITGAX_ITGB2"
"ICAM","Icam1","ITGAL_ITGB2"
"ICAM","Icam2","ITGAL_ITGB2"
"ICAM","Icam1","ITGAM_ITGB2"
"ICAM","Icam2","ITGAM_ITGB2"
"ICAM","Icam1","ITGAL_ITGB2L"
"ICAM","Icam2","ITGAL_ITGB2L"
"ICAM","Icam1","ITGAM_ITGB2L"
"ICAM","Icam2","ITGAM_ITGB2L"
"ICAM","Icam1","Itgal"
"ICAM","Icam1","Spn"
"ICAM","Icam5","Cd209a"
"ICAM","Icam5","Cd209f"
"ICOS","Icosl","Icos"
"ICOS","Icosl","Cd28"
"ICOS","Icosl","Ctla4"
"ITGAL-ITGB2","ITGAL_ITGB2","Cd226"
"ITGAL-ITGB2","ITGAL_ITGB2","Icam1"
"ITGAL-ITGB2","ITGAL_ITGB2","Icam2"
"ITGAL-ITGB2","ITGAL_ITGB2L","Cd226"
"ITGAL-ITGB2","ITGAL_ITGB2L","Icam1"
"ITGAL-ITGB2","ITGAL_ITGB2L","Icam2"
"JAM","Jam2","ITGA3_ITGB1"
"JAM","Jam2","ITGAV_ITGB1"
"JAM","Jam3","ITGAM_ITGB2"
"JAM","F11r","ITGAL_ITGB2"
"JAM","Jam3","ITGAM_ITGB2L"
"JAM","Jam2","Jam3"
"JAM","F11r","F11r"
"JAM","F11r","Jam2"
"JAM","F11r","Jam3"
"JAM","Jam2","F11r"
"JAM","Jam2","Jam2"
"JAM","Jam3","F11r"
"JAM","Jam3","Jam2"
"JAM","Jam3","Jam3"
"L1CAM","L1cam","ITGAV_ITGB3"
"L1CAM","L1cam","ITGA4_ITGB7"
"L1CAM","L1cam","L1cam"
"LAIR1","Lair1","Pira2"
"LCK","Lck","CD8 receptor"
"MADCAM","Madcam1","ITGA4_ITGB7"
"MAG","Mag","Mag"
"MHC-I","H2-T23","KLRD1_KLRC1"
"MHC-I","H2-T23","KLRD1_KLRC2"
"MHC-I","H2-M2","Cd8a"
"MHC-I","H2-M3","Cd8a"
"MHC-I","H2-M9","Cd8a"
"MHC-I","H2-Q1","Cd8a"
"MHC-I","H2-Q10","Cd8a"
"MHC-I","H2-Q2","Cd8a"
"MHC-I","H2-Q7","Cd8a"
"MHC-I","H2-Q8","Cd8a"
"MHC-I","H2-T22","Cd8a"
"MHC-I","H2-T23","Cd8a"
"MHC-I","H2-T24","Cd8a"
"MHC-I","H2-T3","Cd8a"
"MHC-I","H2-T9","Cd8a"
"MHC-I","H2-M10.4","Cd8a"
"MHC-I","H2-M11","Cd8a"
"MHC-I","H2-M1","Cd8a"
"MHC-I","H2-M10.5","Cd8a"
"MHC-I","H2-M10.2","Cd8a"
"MHC-I","H2-M10.6","Cd8a"
"MHC-I","H2-T10","Cd8a"
"MHC-I","H2-Q6","Cd8a"
"MHC-I","H2-M10.3","Cd8a"
"MHC-I","H2-Bl","Cd8a"
"MHC-I","H2-D1","Cd8a"
"MHC-I","H2-K1","Cd8a"
"MHC-I","H2-M10.1","Cd8a"
"MHC-I","H2-T18","Cd8a"
"MHC-I","H2-Q9","Cd8a"
"MHC-I","Gm8909","Cd8a"
"MHC-I","H2-L","Cd8a"
"MHC-I","Gm10499","Cd8a"
"MHC-I","H2-Q4","Cd8a"
"MHC-I","H2-T-ps","Cd8a"
"MHC-I","Gm11127","Cd8a"
"MHC-I","H2-M5","Cd8a"
"MHC-I","Gm7030","Cd8a"
"MHC-I","H2-M2","Cd8b1"
"MHC-I","H2-M3","Cd8b1"
"MHC-I","H2-M9","Cd8b1"
"MHC-I","H2-Q1","Cd8b1"
"MHC-I","H2-Q10","Cd8b1"
"MHC-I","H2-Q2","Cd8b1"
"MHC-I","H2-Q7","Cd8b1"
"MHC-I","H2-Q8","Cd8b1"
"MHC-I","H2-T22","Cd8b1"
"MHC-I","H2-T23","Cd8b1"
"MHC-I","H2-T24","Cd8b1"
"MHC-I","H2-T3","Cd8b1"
"MHC-I","H2-T9","Cd8b1"
"MHC-I","H2-M10.4","Cd8b1"
"MHC-I","H2-M11","Cd8b1"
"MHC-I","H2-M1","Cd8b1"
"MHC-I","H2-M10.5","Cd8b1"
"MHC-I","H2-M10.2","Cd8b1"
"MHC-I","H2-M10.6","Cd8b1"
"MHC-I","H2-T10","Cd8b1"
"MHC-I","H2-Q6","Cd8b1"
"MHC-I","H2-M10.3","Cd8b1"
"MHC-I","H2-Bl","Cd8b1"
"MHC-I","H2-D1","Cd8b1"
"MHC-I","H2-K1","Cd8b1"
"MHC-I","H2-M10.1","Cd8b1"
"MHC-I","H2-T18","Cd8b1"
"MHC-I","H2-Q9","Cd8b1"
"MHC-I","Gm8909","Cd8b1"
"MHC-I","H2-L","Cd8b1"
"MHC-I","Gm10499","Cd8b1"
"MHC-I","H2-Q4","Cd8b1"
"MHC-I","H2-T-ps","Cd8b1"
"MHC-I","Gm11127","Cd8b1"
"MHC-I","H2-M5","Cd8b1"
"MHC-I","Gm7030","Cd8b1"
"MHC-I","H2-BI","Kir3dl1"
"MHC-I","H2-D1","Kir3dl1"
"MHC-I","H2-K1","Kir3dl1"
"MHC-I","H2-Q1","Kir3dl1"
"MHC-I","H2-Q10","Kir3dl1"
"MHC-I","H2-Q2","Kir3dl1"
"MHC-I","H2-Q4","Kir3dl1"
"MHC-I","H2-Q6","Kir3dl1"
"MHC-I","H2-Q7","Kir3dl1"
"MHC-I","H2-D","Klra"
"MHC-I","H2-K1","Klra"
"MHC-I","Ulbp1","Klrk1"
"MHC-I","Raet1a","Klrk1"
"MHC-I","H60a","Klrk1"
"MHC-II","H2-Ea-ps","Cd4"
"MHC-II","H2-Aa","Cd4"
"MHC-II","H2-Ab1","Cd4"
"MHC-II","H2-Eb1","Cd4"
"MHC-II","H2-DMa","Cd4"
"MHC-II","H2-DMb1","Cd4"
"MHC-II","H2-DMb2","Cd4"
"MHC-II","H2-Oa","Cd4"
"MHC-II","H2-Ob","Cd4"
"MPZ","Mpz","Mpzl1"
"MPZ","Mpz","Mpz"
"MPZ","Mpzl1","Mpzl1"
"NCAM","Ncam1","Fgfr1"
"NCAM","Ncam1","Ncam1"
"NCAM","Ncam1","Ncam2"
"NCAM","Ncam1","L1cam"
"NCAM","Ncam2","L1cam"
"NECTIN","Nectin1","Cadm3"
"NECTIN","Nectin1","Cd96"
"NECTIN","Nectin1","Nectin4"
"NECTIN","Nectin3","Nectin1"
"NECTIN","Nectin3","Nectin2"
"NECTIN","Nectin3","Pvr"
"NECTIN","Nectin3","Tigit"
"NECTIN","Nectin2","Cd226"
"NECTIN","Nectin2","Tigit"
"NECTIN","Nectin1","Nectin3"
"NEGR","Negr1","Negr1"
"NGL","Lrrc4c","Ntng1"
"NGL","Lrrc4","Ntng2"
"NGL","Lrrc4b","Ptprf"
"NKG2D","Ulbp1","KLRK1_HCST"
"NOTCH","Dlk1","Notch1"
"NOTCH","Dlk1","Notch2"
"NOTCH","Dlk1","Notch3"
"NOTCH","Dlk1","Notch4"
"NOTCH","Dll1","Notch1"
"NOTCH","Dll1","Notch3"
"NOTCH","Dll1","Notch4"
"NOTCH","Dll3","Notch1"
"NOTCH","Dll3","Notch2"
"NOTCH","Dll3","Notch3"
"NOTCH","Dll3","Notch4"
"NOTCH","Dll4","Notch1"
"NOTCH","Dll4","Notch2"
"NOTCH","Dll4","Notch3"
"NOTCH","Dll4","Notch4"
"NOTCH","Jag1","Notch1"
"NOTCH","Jag1","Notch2"
"NOTCH","Jag1","Notch3"
"NOTCH","Jag1","Notch4"
"NOTCH","Jag2","Notch1"
"NOTCH","Jag2","Notch2"
"NOTCH","Jag2","Notch3"
"NOTCH","Jag2","Notch4"
"NOTCH","Dll1","Notch2"
"NRXN","Nrxn1","Nlgn1"
"NRXN","Nrxn1","Nlgn2"
"NRXN","Nrxn1","Nlgn3"
"NRXN","Nrxn2","Nlgn1"
"NRXN","Nrxn2","Nlgn2"
"NRXN","Nrxn2","Nlgn3"
"NRXN","Nrxn3","Nlgn1"
"NRXN","Nrxn3","Nlgn2"
"NRXN","Nrxn3","Nlgn3"
"OCLN","Ocln","Ocln"
"PD-L1","Cd274","Pdcd1"
"PDL2","Pdcd1lg2","Pdcd1"
"PECAM1","Pecam1","Pecam1"
"PTPRM","Ptprm","Ptprm"
"PVR","Pvr","Cd226"
"PVR","Pvr","Tigit"
"SELE","Sele","Cd44"
"SELE","Sele","Glg1"
"SELL","Sell","Cd34"
"SELL","Sell","Podxl"
"SELL","Sell","Glycam1"
"SELL","Sell","Madcam1"
"SELPLG","Selplg","Sele"
"SELPLG","Selplg","Sell"
"SELPLG","Selplg","Selp"
"SEMA4","Sema4a","NRP1_PLXNA1"
"SEMA4","Sema4a","NRP1_PLXNA2"
"SEMA4","Sema4a","NRP1_PLXNA3"
"SEMA4","Sema4a","NRP1_PLXNA4"
"SEMA4","Sema4a","Plxnb1"
"SEMA4","Sema4a","Plxnb2"
"SEMA4","Sema4a","Plxnb3"
"SEMA4","Sema4d","Plxnb1"
"SEMA4","Sema4d","Plxnb2"
"SEMA4","Sema4d","Plxnb3"
"SEMA4","Sema4c","Plxnb2"
"SEMA4","Sema4g","Plxnb2"
"SEMA4","Sema4a","Timd2"
"SEMA4","Sema4d","Cd72"
"SEMA5","Sema5a","Plxna1"
"SEMA5","Sema5b","Plxna1"
"SEMA5","Sema5a","Plxna3"
"SEMA5","Sema5b","Plxna3"
"SEMA5","Sema5a","Plxnb3"
"SEMA6","Sema6d","PLXNA1_KDR"
"SEMA6","Sema6d","PLXNA1_TREM2"
"SEMA6","Sema6d","Plxna1"
"SEMA6","Sema6a","Plxna2"
"SEMA6","Sema6b","Plxna2"
"SEMA6","Sema6a","Plxna4"
"SEMA6","Sema6b","Plxna4"
"SEMA7","Sema7a","ITGB1_ITGA1"
"SEMA7","Sema7a","Plxnc1"
"SN","Siglec1","Spn"
"THY1","Thy1","ITGAM_ITGB2"
"THY1","Thy1","ITGAX_ITGB2"
"THY1","Thy1","ITGAV_ITGB3"
"TIGIT","Tigit","Nectin2"
"TIGIT","Tigit","Pvr"
"VCAM","ITGA4_ITGB1","Vcam1"
"VCAM","ITGA9_ITGB1","Vcam1"
"VCAM","ITGA4_ITGB7","Vcam1"
"VISTA","Vsir","Igsf11"
